Nombre,Juego,Entrega,Desde,Hasta,Dist. Estimada,Dist. Aceptada,Vel. Máx,Modalidad,Beneficio,Multas,Daños,Tiempo Real,Fecha,Distancia_Num
MALA INFLUENCIA,ATS,Estándar,Taylor Construction Group,Avalanche Steel,4 000 km,5 000 km,129 km/h,Real,52 495 $,0 $,1,8236,2026-08-01,5000
MALA INFLUENCIA,ATS,Estándar,Syntetico,Coastline Mining,4 000 km,5 000 km,129 km/h,Real,50 742 $,0 $,4,8825,2026-08-01,5000
El puma (CT),ATS,Estándar,Rock Port,Port of Tacoma,4 000 km,5 000 km,129 km/h,Real,71 767 $,0 $,1,7816,2026-08-01,5000
El puma (CT),ATS,Estándar,Rock Port,Deepgrove,4 000 km,5 000 km,129 km/h,Real,133 664 $,0 $,0,8188,2026-08-01,5000
Mr_Gerzon,ATS,Estándar,Wallbert,Deepgrove,4 000 km,5 000 km,129 km/h,Real,246 414 $,0 $,2,10964,2026-08-01,5000
Mr_Gerzon,ATS,Estándar,Deepgrove,Syntetico,4 000 km,5 000 km,129 km/h,Real,256 342 $,0 $,1,9738,2026-08-01,5000
Camilo Gang,ATS,Estándar,Kenworth,Apade,3 276 km,3 239 km,130 km/h,Real,10 708 $,0 $,20,5909,2026-08-01,3239
MrSebas,ETS2,Estándar,LkwLog GmbH,RT Log,877 km,879 km,102 km/h,Carrera,52 453 €,0 €,0,2147,2026-08-01,879
Trucker_JJ,ATS,Estándar,Taylor Construction Group,Coastline Mining,4 000 km,5 000 km,127 km/h,Real,251 862 $,0 $,4,8833,2026-08-01,5000
Trucker_JJ,ATS,Estándar,Taylor Construction Group,Coastline Mining,4 000 km,5 000 km,130 km/h,Real,0 $,0 $,100,9858,2026-08-01,5000
Ing.Juancho,ETS2,Estándar,Marina,AI Automotive,2 507 km,2 506 km,99 km/h,Real,163 676 €,0 €,2,6589,2026-08-01,2506
Trucker_JJ,ATS,Estándar,sea_eve1,sea_eve1,79 km,79 km,74 km/h,Real,5 037 $,0 $,0,655,2026-08-01,79
ReyMisterio,ATS,Estándar,GARC,Avalanche Steel,4 000 km,5 000 km,129 km/h,Real,3 564 $,0 $,23,8603,2026-08-01,5000
Undertaker03,ATS,Estándar,GARC,Avalanche Steel,4 000 km,5 000 km,130 km/h,Real,890 $,0 $,24,8833,2026-08-01,5000
Ayala.jav,ATS,Estándar,Starbridge,Creole Bay Port,4 000 km,5 000 km,129 km/h,Real,55 631 $,0 $,6,9450,2026-08-01,5000
Trucker_JJ,ATS,Estándar,Tidbit,SellGoods,308 km,308 km,128 km/h,Real,5 936 $,0 $,0,792,2026-08-01,308
Ayala.jav,ATS,Estándar,Starbridge,Creole Bay Port,4 000 km,5 000 km,130 km/h,Real,0 $,0 $,40,9999,2026-08-01,5000
Jose Naukin,ATS,Estándar,gnv,bodegon,370 km,332 km,123 km/h,Real,0 $,1 600 $,27,3114,2026-08-01,332
DON ISMA,ETS2,Estándar,NS Oil,EuroGoodies,1 219 km,1 319 km,99 km/h,Real,76 299 €,0 €,0,2839,2026-08-01,1319
MALA INFLUENCIA,ETS2,Estándar,NS Oil,EuroGoodies,1 219 km,1 271 km,100 km/h,Real,76 017 €,0 €,0,2910,2026-08-01,1271
ReyMisterio,ETS2,Estándar,NS Oil,EuroGoodies,1 219 km,1 270 km,99 km/h,Real,63 212 €,0 €,0,3015,2026-08-01,1270
DON ISMA,ATS,Estándar,Golden Meadows,Bushnell Farms,4 000 km,5 000 km,130 km/h,Real,149 853 $,0 $,0,8247,2026-08-01,5000
Undertaker03,ETS2,Estándar,NS Oil,EuroGoodies,1 219 km,1 276 km,100 km/h,Real,70 438 €,0 €,1,3064,2026-08-01,1276
Mr_Gerzon,ETS2,Estándar,NS Oil,EuroGoodies,1 219 km,1 271 km,100 km/h,Real,51 184 €,0 €,0,2921,2026-08-01,1271
Brayan Gamer,ETS2,Estándar,NS Oil,EuroGoodies,1 219 km,1 328 km,98 km/h,Real,76 299 €,0 €,0,3086,2026-08-01,1328
kingdilli,ETS2,Estándar,NS Oil,EuroGoodies,1 219 km,1 411 km,107 km/h,Carrera,44 523 €,0 €,4,3662,2026-08-01,1411
Jose Naukin,ATS,Estándar,Golden Meadows,Flavorfair,963 km,999 km,129 km/h,Real,27 996 $,3 600 $,0,2104,2026-08-01,999
MrSebas,ETS2,Estándar,Tradeaux,RT Log,857 km,856 km,100 km/h,Real,69 662 €,0 €,0,2217,2026-08-01,856
Ing.Juancho,ATS,Estándar,Eddy's,Avalanche Steel,4 000 km,4 041 km,129 km/h,Real,29 806 $,0 $,3,8115,2026-08-01,4041
DON ISMA,ATS,Estándar,18 Wheels,Peterbilt,4 000 km,5 000 km,130 km/h,Real,151 043 $,0 $,2,8777,2026-08-01,5000
ReyMisterio,ATS,Estándar,Bushnell Farms,Tidbit,2 921 km,2 075 km,130 km/h,Real,83 535 $,0 $,0,3019,2026-08-01,2075
Mr_Gerzon,ATS,Estándar,Rock Port,Sea Horizon,6 110 km,5 701 km,129 km/h,Real,157 218 $,0 $,0,9871,2026-08-01,5701
MALA INFLUENCIA,ATS,Estándar,Coastline Mining,Taylor Construction Group,5 652 km,6 647 km,130 km/h,Real,75 475 $,0 $,1,10718,2026-08-01,6647
Ayala.jav,ATS,Estándar,Creole Bay Port,Bitumen,2 916 km,2 945 km,130 km/h,Real,36 263 $,0 $,2,5483,2026-08-01,2945
Jose Naukin,ATS,Estándar,Flavorfair,Rail Export,1 304 km,1 389 km,127 km/h,Real,56 005 $,13 800 $,0,2505,2026-08-01,1389
Brayan Gamer,ATS,Estándar,Starbridge,Venture,2 434 km,2 463 km,127 km/h,Real,8 407 500 $,0 $,16,4100,2026-08-01,2463
andresnintendo,ATS,Estándar,SellGoods,Chemso Ltd.,146 km,147 km,98 km/h,Real,794 $,0 $,0,1647,2026-08-01,147
Guardian777,ATS,Estándar,Coastline Mining,Grand Pastures,2 356 km,2 483 km,129 km/h,Real,0 $,0 $,100,5527,2026-08-01,2483
MrSebas,ETS2,Estándar,EuroGoodies,RT Log,1 267 km,1 310 km,98 km/h,Real,45 233 €,0 €,5,3082,2026-08-01,1310
CRISTHIAN 926,ATS,Estándar,Rock Port,Deepgrove,4 310 km,4 974 km,129 km/h,Real,74 913 $,0 $,0,8348,2026-08-01,4974
CRISTHIAN 926,ATS,Estándar,Sea Horizon,Rock Port,4 000 km,5 000 km,129 km/h,Real,291 766 $,0 $,0,7974,2026-08-01,5000
JotaRomero1604,ATS,Estándar,Shop Town,Shop Town,991 km,1 108 km,130 km/h,Real,7 826 $,0 $,1,2203,2026-08-01,1108
Brayan Gamer,ATS,Estándar,Venture,Oakland Shippers,969 km,975 km,129 km/h,Real,35 649 $,0 $,0,1722,2026-08-01,975
MrSebas,ATS,Estándar,Lumen auto,Charged,3 km,3 km,94 km/h,Real,353 $,320 $,0,104,2026-08-01,3
Old_picotto,ATS,Wotr,Vortex,Steeler,3 520 km,4 104 km,113 km/h,Real,40 051 $,0 $,0,8459,2026-08-01,4104
Ayala.jav,ATS,Estándar,Bitumen,Central Civil Works,2 638 km,2 711 km,129 km/h,Real,46 286 $,0 $,0,4883,2026-08-01,2711
Ing.Juancho,ATS,Estándar,Avalanche Steel,Eddy's,4 424 km,3 346 km,128 km/h,Real,73 512 $,0 $,12,6358,2026-08-01,3346
JotaRomero1604,ATS,Estándar,Shop Town,MWM,1 022 km,1 213 km,132 km/h,Carrera,21 270 $,0 $,0,2523,2026-08-01,1213
MrSebas,ATS,Estándar,Enterpriser,Venture,400 km,400 km,128 km/h,Real,15 474 $,0 $,0,905,2026-08-01,400
andresnintendo,ATS,Estándar,terminales,terminales,193 km,241 km,98 km/h,Real,3 822 $,0 $,0,3111,2026-08-01,241
Ing.Juancho,ATS,Estándar,indupalma,zofiva,1 022 km,0 km,98 km/h,Real,15 273 $,0 $,6,3953,2026-08-01,0
CRISTHIAN 926,ATS,Estándar,Deepgrove,42 Print,2 077 km,2 076 km,129 km/h,Real,34 854 $,0 $,0,3583,2026-08-01,2076
LuisYanez9,ATS,Estándar,Shop Town,Coastline Mining,2 535 km,3 169 km,130 km/h,Real,79 681 $,0 $,4,7849,2026-08-01,3169
Yenny,ATS,Estándar,Bushnell Farms,Tidbit,2 024 km,2 530 km,149 km/h,Carrera,74 051 $,26 760 $,1,8346,2026-08-01,2530
MALA INFLUENCIA,ATS,Estándar,Taylor Construction Group,Sea Horizon,5 840 km,6 712 km,130 km/h,Real,32 548 $,0 $,0,10877,2026-08-01,6712
MrSebas,ATS,Estándar,Kenworth,Kenworth,3 017 km,3 019 km,128 km/h,Real,225 672 $,0 $,0,5097,2026-08-01,3019
CRISTHIAN 926,ATS,Estándar,42 Print,Aron,1 959 km,2 086 km,129 km/h,Real,32 907 $,0 $,0,3961,2026-08-01,2086
Ing.Juancho,ATS,Estándar,Syntetico,American Lines,2 768 km,2 780 km,128 km/h,Real,31 746 $,0 $,0,4656,2026-08-01,2780
Ing.Juancho,ATS,Estándar,American Lines,Fish Tail Food,253 km,266 km,128 km/h,Real,6 649 $,0 $,0,689,2026-08-01,266
ZayCruz,ATS,Estándar,Rail Export,18 Wheels,2 216 km,2 237 km,130 km/h,Real,9 271 $,0 $,22,4004,2026-08-01,2237
MrSebas,ATS,Estándar,Nielsen Roads,X-Tech Machinery,315 km,315 km,125 km/h,Real,23 385 $,0 $,0,800,2026-08-01,315
ZayCruz,ETS2,Estándar,NBFC,EuroGoodies,1 129 km,1 127 km,100 km/h,Real,8 034 €,0 €,3,2524,2026-08-01,1127
Ing.Juancho,ATS,Estándar,Fish Tail Food,Equos Power Transport,2 796 km,3 017 km,129 km/h,Real,238 313 $,0 $,0,4961,2026-08-01,3017
kingdilli,ETS2,Estándar,SellPlan,Trameri,414 km,517 km,99 km/h,Real,14 063 €,0 €,8,2534,2026-08-01,517
faver,ATS,Estándar,Taylor Construction Group,Gallon Oil,4 000 km,4 261 km,130 km/h,Real,35 498 $,0 $,12,7032,2026-08-01,4261
MALA INFLUENCIA,ATS,Estándar,Sea Horizon,Rock Port,4 980 km,5 980 km,130 km/h,Real,50 607 $,0 $,6,9824,2026-08-01,5980
kingdilli,ETS2,Estándar,БЛТ,Tree-ET,2 288 km,2 372 km,100 km/h,Real,100 047 €,0 €,0,6123,2026-08-01,2372
El puma (CT),ATS,Estándar,Rock Port,Sea Horizon,5 058 km,6 013 km,129 km/h,Real,70 319 $,0 $,13,9724,2026-08-01,6013
Jose Naukin,ATS,Estándar,Rail Export,Enterpriser,908 km,924 km,130 km/h,Real,41 165 $,5 360 $,2,1843,2026-08-01,924
Jose Naukin,ATS,Estándar,Enterpriser,Enterpriser,1 264 km,1 269 km,130 km/h,Real,54 560 $,6 320 $,1,2264,2026-08-02,1269
Mr_Gerzon,ATS,Estándar,Sea Horizon,Haddock Shipyard,4 981 km,5 981 km,129 km/h,Real,219 631 $,0 $,0,12606,2026-08-02,5981
Old_picotto,ATS,Wotr,Steeler,Waldens,2 076 km,2 106 km,112 km/h,Real,37 593 $,0 $,0,4620,2026-08-02,2106
JotaRomero1604,ATS,Estándar,NAMIQ,Coastline Mining,1 207 km,1 509 km,129 km/h,Real,44 762 $,0 $,1,3316,2026-08-02,1509
MALA INFLUENCIA,ATS,Estándar,Starbridge,Elimax,3 250 km,3 625 km,130 km/h,Real,136 670 $,0 $,0,6281,2026-08-02,3625
JotaRomero1604,ATS,Estándar,Coastline Mining,NAMIQ,636 km,769 km,129 km/h,Real,25 455 $,0 $,0,1613,2026-08-02,769
MrSebas,ATS,Estándar,Port of SF,Shop Town,1 297 km,1 299 km,130 km/h,Real,65 318 $,0 $,2,2667,2026-08-02,1299
ReyMisterio,ATS,Estándar,Enterpriser,Tidbit,2 035 km,2 029 km,129 km/h,Real,17 131 $,0 $,4,3249,2026-08-02,2029
Undertaker03,ATS,Estándar,Enterpriser,Tidbit,2 035 km,2 033 km,130 km/h,Real,16 943 $,0 $,4,3288,2026-08-02,2033
Mr_Gerzon,ATS,Estándar,Enterpriser,Tidbit,2 035 km,2 040 km,129 km/h,Real,19 826 $,0 $,1,3463,2026-08-02,2040
Brayan Gamer,ATS,Estándar,Oakland Shippers,Coastline Mining,1 572 km,1 751 km,129 km/h,Real,15 147 $,0 $,0,2799,2026-08-02,1751
Old_picotto,ATS,Wotr,Syntetico,Tulsa Freight,83 km,84 km,105 km/h,Real,4 066 $,0 $,0,444,2026-08-02,84
profeta(CT),ATS,Estándar,Equos Power Transport,Avalanche Steel,4 000 km,5 000 km,130 km/h,Real,0 $,0 $,68,12104,2026-08-02,5000
profeta(CT),ATS,Estándar,Vortex,Avalanche Steel,4 000 km,5 000 km,129 km/h,Real,0 $,0 $,31,14019,2026-08-02,5000
CRISTHIAN 926,ATS,Estándar,Vitas Power,Ultimus,1 519 km,1 898 km,130 km/h,Real,54 521 $,0 $,3,3704,2026-08-02,1898
Guardian777,ATS,Estándar,SellGoods,Flavorfair,3 673 km,3 812 km,130 km/h,Real,0 $,0 $,100,8078,2026-08-02,3812
MALA INFLUENCIA,ATS,Estándar,Tidbit,US Beverages & Bottling,2 090 km,2 091 km,129 km/h,Real,7 013 $,0 $,0,3268,2026-08-02,2091
ReyMisterio,ATS,Estándar,Tidbit,US Beverages & Bottling,2 090 km,2 094 km,129 km/h,Real,3 805 $,0 $,0,3381,2026-08-02,2094
DON ISMA,ATS,Estándar,Tidbit,US Beverages & Bottling,2 090 km,2 090 km,129 km/h,Real,3 619 $,0 $,1,3235,2026-08-02,2090
Mr_Gerzon,ATS,Estándar,Tidbit,US Beverages & Bottling,2 090 km,2 094 km,128 km/h,Real,3 805 $,0 $,0,3381,2026-08-02,2094
profeta(CT),ATS,Estándar,GPW,US Beverages & Bottling,1 167 km,1 166 km,130 km/h,Real,2 314 $,0 $,0,1749,2026-08-02,1166
Brayan Gamer,ATS,Estándar,Tidbit,US Beverages & Bottling,2 090 km,2 089 km,129 km/h,Real,3 225 $,0 $,3,3259,2026-08-02,2089
ZayCruz,ATS,Estándar,Tidbit,US Beverages & Bottling,2 090 km,2 088 km,129 km/h,Real,7 013 $,0 $,0,3209,2026-08-02,2088
Undertaker03,ATS,Estándar,Tidbit,US Beverages & Bottling,2 090 km,2 093 km,130 km/h,Real,6 665 $,0 $,1,3392,2026-08-02,2093
LuisYanez9,ATS,Estándar,Tidbit,US Beverages & Bottling,2 090 km,2 092 km,130 km/h,Real,3 805 $,0 $,0,3420,2026-08-02,2092
CRISTHIAN 926,ATS,Estándar,Enterpriser,US Beverages & Bottling,1 009 km,1 009 km,129 km/h,Real,16 490 $,0 $,0,1671,2026-08-02,1009
duvanpamplona88,ATS,Estándar,Tidbit,US Beverages & Bottling,2 090 km,2 104 km,130 km/h,Real,2 544 $,0 $,8,3446,2026-08-02,2104
Ayala.jav,ATS,Estándar,Central Civil Works,Apade,3 167 km,3 297 km,129 km/h,Real,49 958 $,0 $,2,6246,2026-08-02,3297
CRISTHIAN 926,ATS,Estándar,US Beverages & Bottling,Tidbit,2 097 km,2 429 km,130 km/h,Real,85 040 $,0 $,1,4154,2026-08-02,2429
ReyMisterio,ATS,Estándar,US Beverages & Bottling,Coastline Mining,1 944 km,2 430 km,130 km/h,Real,110 298 $,0 $,0,3920,2026-08-02,2430
DON ISMA,ATS,Estándar,US Beverages & Bottling,Coastline Mining,1 944 km,2 430 km,130 km/h,Real,102 951 $,0 $,1,3950,2026-08-02,2430
MALA INFLUENCIA,ATS,Estándar,US Beverages & Bottling,Coastline Mining,1 944 km,2 430 km,129 km/h,Real,97 815 $,0 $,2,3967,2026-08-02,2430
Mr_Gerzon,ATS,Estándar,US Beverages & Bottling,Coastline Mining,1 944 km,2 430 km,129 km/h,Real,99 095 $,0 $,2,4106,2026-08-02,2430
ZayCruz,ATS,Estándar,Drake Cars,Coastline Mining,2 061 km,2 234 km,129 km/h,Real,116 845 $,0 $,0,3447,2026-08-02,2234
LuisYanez9,ATS,Estándar,US Beverages & Bottling,Tidbit,2 097 km,2 437 km,131 km/h,Carrera,3 814 $,0 $,0,4073,2026-08-02,2437
Guardian777,ATS,Estándar,MWM,Coastline Mining,1 298 km,1 489 km,130 km/h,Real,4 491 $,0 $,0,2566,2026-08-02,1489
ReyMisterio,ATS,Estándar,Coastline Mining,Bitumen,2 594 km,2 268 km,130 km/h,Real,21 504 $,0 $,1,3332,2026-08-02,2268
MALA INFLUENCIA,ATS,Estándar,Coastline Mining,Bitumen,2 101 km,2 270 km,129 km/h,Real,23 062 $,0 $,0,3380,2026-08-02,2270
Guardian777,ATS,Estándar,Coastline Mining,Bitumen,2 101 km,2 266 km,129 km/h,Real,19 021 $,0 $,4,3436,2026-08-02,2266
DON ISMA,ATS,Estándar,Coastline Mining,Bitumen,2 101 km,2 266 km,129 km/h,Real,20 150 $,0 $,3,3413,2026-08-02,2266
Mr_Gerzon,ATS,Estándar,Coastline Mining,Bitumen,2 101 km,2 261 km,129 km/h,Real,23 062 $,0 $,0,3469,2026-08-02,2261
CRISTHIAN 926,ATS,Estándar,Tidbit,AI Automotive,2 222 km,2 224 km,130 km/h,Real,37 263 $,0 $,0,3453,2026-08-02,2224
Yenny,ATS,Estándar,Tidbit,Deepgrove,2 431 km,2 483 km,141 km/h,Carrera,7 908 $,18 500 $,20,5304,2026-08-02,2483
Mr_Gerzon,ATS,Wotr,Rock Port,SellGoods,3 312 km,4 140 km,128 km/h,Real,123 027 $,0 $,0,10337,2026-08-02,4140
Guardian777,ATS,Estándar,Starbridge,SellGoods,1 051 km,1 314 km,130 km/h,Real,1 136 $,0 $,22,4360,2026-08-02,1314
andres guerra,ATS,Estándar,Starbridge,Venture,1 466 km,1 538 km,116 km/h,Real,0 $,12 600 $,18,5917,2026-08-02,1538
El puma (CT),ATS,Estándar,Wallbert,Shop Town,1 188 km,1 188 km,128 km/h,Real,4 058 $,0 $,0,1954,2026-08-02,1188
El puma (CT),ATS,Estándar,HMS Machinery,Rail Export,1 891 km,1 745 km,129 km/h,Real,133 428 $,0 $,0,3980,2026-08-02,1745
kingdilli,ATS,Estándar,Drake Cars,Bitumen,487 km,609 km,114 km/h,Real,5 323 $,4 200 $,0,1953,2026-08-02,609
ZayCruz,ATS,Estándar,Syntetico,GARC,4 916 km,5 010 km,129 km/h,Real,0 $,0 $,32,13181,2026-08-02,5010
Old_picotto,ATS,Wotr,Tulsa Freight,Coastline Mining,3 146 km,3 139 km,111 km/h,Real,97 830 $,0 $,0,7322,2026-08-02,3139
MALA INFLUENCIA,ATS,Estándar,Rock Port,Wallbert,4 403 km,4 413 km,130 km/h,Real,51 084 $,0 $,0,7270,2026-08-02,4413
andresnintendo,ATS,Estándar,Starbridge,Venture,1 203 km,1 202 km,128 km/h,Real,54 131 $,0 $,0,2229,2026-08-02,1202
andres guerra,ATS,Estándar,Apade,Coastline Mining,816 km,819 km,115 km/h,Real,22 087 $,5 700 $,1,2767,2026-08-02,819
andresnintendo,ATS,Estándar,Venture,Eddy's,400 km,401 km,128 km/h,Real,8 027 $,0 $,0,827,2026-08-02,401
MrSebas,ATS,Estándar,Gastream,Gastream,790 km,791 km,128 km/h,Real,76 720 $,0 $,0,1584,2026-08-02,791
MALA INFLUENCIA,ATS,Estándar,Avalanche Steel,Avalanche Steel,1 105 km,1 161 km,130 km/h,Real,15 714 $,0 $,2,2527,2026-08-02,1161
duvanpamplona88,ATS,Estándar,Shop Town,Charged,2 645 km,3 149 km,130 km/h,Real,0 $,0 $,53,5459,2026-08-02,3149
MrSebas,ATS,Estándar,Gastream,Oakland Shippers,784 km,792 km,126 km/h,Real,76 238 $,0 $,0,1762,2026-08-02,792
kingdilli,ATS,Estándar,Bitumen,Aron,975 km,606 km,114 km/h,Real,39 115 $,0 $,1,1472,2026-08-02,606
andresnintendo,ATS,Estándar,Sunshine Crops,exito,444 km,447 km,100 km/h,Real,1 847 $,0 $,0,4271,2026-08-02,447
MALA INFLUENCIA,ATS,Estándar,Kenworth,Wallbert,2 974 km,2 975 km,130 km/h,Real,97 525 $,0 $,0,5184,2026-08-02,2975
MrSebas,ATS,Estándar,Gallon Oil,Gallon Oil,1 411 km,1 413 km,130 km/h,Real,127 007 $,0 $,0,2400,2026-08-02,1413
CRAZY_GAMER_16,ATS,Estándar,Sea Horizon,Enterpriser,5 213 km,0 km,130 km/h,Real,0 $,0 $,100,8810,2026-08-02,0
El puma (CT),ATS,Estándar,Bitumen,Golden Meadows,1 047 km,1 049 km,129 km/h,Real,34 981 $,0 $,1,1725,2026-08-02,1049
andresnintendo,ATS,Estándar,big_cola,Bushnell Farms,275 km,258 km,97 km/h,Real,1 018 $,0 $,0,3078,2026-08-02,258
CT/Cristian,ATS,Estándar,Starbridge,Enterpriser,2 747 km,2 910 km,129 km/h,Real,0 $,0 $,27,5549,2026-08-02,2910
El puma (CT),ATS,Estándar,HMS Machinery,US Beverages & Bottling,1 322 km,1 442 km,129 km/h,Real,42 721 $,0 $,0,2389,2026-08-02,1442
CRAZY_GAMER_16,ATS,Estándar,Home Store,Fish Tail Food,2 099 km,2 160 km,109 km/h,Real,33 846 $,0 $,0,4436,2026-08-03,2160
MrSebas,ATS,Estándar,Gallon Oil,Gallon Oil,1 799 km,1 800 km,129 km/h,Real,158 517 $,0 $,1,3350,2026-08-03,1800
CT/Cristian,ATS,Estándar,Enterpriser,Venture,2 101 km,2 101 km,129 km/h,Real,83 136 $,0 $,2,3810,2026-08-03,2101
Jose Naukin,ATS,Estándar,Costruzione di Edifici,cemex,65 km,3 km,76 km/h,Real,584 425 $,0 $,0,80,2026-08-03,3
Jose Naukin,ATS,Estándar,ingenio_sc,mcpollo,53 km,1 km,45 km/h,Real,941 546 $,0 $,0,88,2026-08-03,1
Jose Naukin,ATS,Estándar,Rail Export,Flavorfair,660 km,659 km,127 km/h,Real,53 622 $,1 400 $,0,1172,2026-08-03,659
CT/Cristian,ATS,Estándar,Peterbilt,Wallbert,1 280 km,1 299 km,130 km/h,Real,46 948 $,0 $,1,2210,2026-08-03,1299
profeta(CT),ATS,Estándar,US Beverages & Bottling,Wallbert,1 725 km,1 725 km,130 km/h,Real,42 643 $,0 $,1,3107,2026-08-03,1725
DON ISMA,ATS,Estándar,Global Mills,HMS Machinery,4 374 km,4 858 km,130 km/h,Real,69 840 $,0 $,0,7544,2026-08-03,4858
Jose Naukin,ATS,Estándar,Equos Power Transport,Epro Gas,591 km,644 km,129 km/h,Real,10 305 $,2 100 $,0,1295,2026-08-03,644
MALA INFLUENCIA,ATS,Estándar,Deepgrove,Heartwood Furniture,4 674 km,5 581 km,129 km/h,Real,30 063 $,0 $,0,8662,2026-08-03,5581
Guardian777,ATS,Estándar,Peterbilt,AI Automotive,1 526 km,1 546 km,129 km/h,Real,1 547 $,0 $,11,2828,2026-08-03,1546
CT/Cristian,ATS,Estándar,Gallon Oil,AI Automotive,1 674 km,1 783 km,130 km/h,Real,62 242 $,0 $,1,2939,2026-08-03,1783
profeta(CT),ATS,Estándar,Gallon Oil,AI Automotive,1 674 km,1 781 km,130 km/h,Real,63 937 $,0 $,0,3245,2026-08-03,1781
Ayala.jav,ATS,Estándar,Apade,AI Automotive,2 075 km,2 107 km,129 km/h,Real,35 734 $,0 $,0,4086,2026-08-03,2107
kingdilli,ATS,Estándar,American Lines,Enterpriser,242 km,244 km,110 km/h,Real,15 397 $,0 $,0,680,2026-08-03,244
Camilo Gang,ATS,Estándar,Tidbit,Rail Export,99 km,99 km,101 km/h,Real,1 055 $,0 $,0,546,2026-08-03,99
CRISTHIAN 926,ATS,Estándar,Western Star,42 Print,1 362 km,1 376 km,129 km/h,Real,100 580 $,0 $,10,2565,2026-08-03,1376
Ayala.jav,ATS,Estándar,Western Star,42 Print,1 362 km,1 369 km,130 km/h,Real,110 366 $,0 $,0,2653,2026-08-03,1369
Guardian777,ATS,Estándar,Western Star,42 Print,1 362 km,1 362 km,130 km/h,Real,0 $,0 $,81,3165,2026-08-03,1362
Jose Naukin,ATS,Estándar,Taylor Construction Group,Chicago International Airport,779 km,780 km,113 km/h,Real,63 616 $,2 100 $,0,1796,2026-08-03,780
DON ISMA,ATS,Estándar,Apade,Deepgrove,1 379 km,1 511 km,130 km/h,Real,45 655 $,0 $,15,2867,2026-08-03,1511
Ayala.jav,ATS,Estándar,Shop Town,Bushnell Farms,1 381 km,1 380 km,130 km/h,Real,145 889 $,0 $,1,2922,2026-08-03,1380
CT/Cristian,ATS,Estándar,Apade,Deepgrove,1 379 km,1 508 km,130 km/h,Real,131 115 $,0 $,3,2906,2026-08-03,1508
LuisYanez9,ATS,Estándar,Enterpriser,AI Automotive,1 308 km,1 445 km,161 km/h,Carrera,0 $,0 $,100,2863,2026-08-03,1445
kingdilli,ATS,Estándar,Enterpriser,Bitumen,1 304 km,1 554 km,129 km/h,Real,0 $,0 $,35,3240,2026-08-03,1554
Mr_Gerzon,ATS,Estándar,Shop Town,Deepgrove,1 508 km,1 773 km,129 km/h,Real,69 834 $,0 $,11,3712,2026-08-03,1773
MALA INFLUENCIA,ATS,Estándar,Rock Port,Sea Horizon,6 111 km,7 111 km,130 km/h,Real,15 161 $,0 $,3,10973,2026-08-03,7111
CRISTHIAN 926,ATS,Estándar,Apade,Deepgrove,1 379 km,1 724 km,129 km/h,Real,133 118 $,0 $,5,3557,2026-08-03,1724
Camilo Gang,ATS,Estándar,Bitumen,Eddy's,209 km,209 km,126 km/h,Real,7 636 $,0 $,0,435,2026-08-03,209
Guardian777,ATS,Estándar,Shop Town,Deepgrove,1 508 km,1 512 km,130 km/h,Real,21 496 $,0 $,20,4030,2026-08-03,1512
andres guerra,ATS,Estándar,Plaster & Sons,American Lines,648 km,658 km,116 km/h,Real,9 265 $,1 800 $,1,1847,2026-08-03,658
Yenny,ATS,Estándar,Shop Town,Deepgrove,1 641 km,1 821 km,122 km/h,Real,93 618 $,19 300 $,5,3908,2026-08-03,1821
Old_picotto,ATS,Wotr,Coastline Mining,Rock Port,3 827 km,3 854 km,117 km/h,Real,161 589 $,0 $,0,8229,2026-08-03,3854
DON ISMA,ATS,Estándar,Fish Tail Food,Syntetico,4 690 km,4 901 km,130 km/h,Real,16 821 $,0 $,0,7634,2026-08-03,4901
LuisYanez9,ATS,Estándar,AI Automotive,Coastline Mining,2 062 km,2 276 km,130 km/h,Real,157 900 $,0 $,3,4163,2026-08-03,2276
Old_picotto,ATS,Wotr,Rock Port,X-Tech Machinery,1 699 km,1 703 km,109 km/h,Real,51 331 $,0 $,0,4018,2026-08-03,1703
CRISTHIAN 926,ATS,Estándar,Deepgrove,Vortex,4 032 km,4 200 km,130 km/h,Real,65 683 $,0 $,0,6954,2026-08-03,4200
MALA INFLUENCIA,ATS,Estándar,Kenworth,Vortex,4 071 km,4 706 km,130 km/h,Real,240 708 $,0 $,0,7245,2026-08-03,4706
El puma (CT),ATS,Estándar,Wallbert,Vortex,4 339 km,5 136 km,129 km/h,Real,120 892 $,0 $,2,7829,2026-08-03,5136
andres guerra,ATS,Estándar,American Lines,Bitumen,1 471 km,1 585 km,120 km/h,Real,0 $,17 700 $,25,5142,2026-08-03,1585
Ing.Juancho,ATS,Estándar,Equos Power Transport,Creole Bay Port,338 km,339 km,129 km/h,Real,10 280 $,0 $,0,761,2026-08-03,339
Ing.Juancho,ATS,Estándar,Creole Bay Port,Vortex,179 km,179 km,128 km/h,Real,9 442 $,0 $,0,718,2026-08-03,179
CT/Cristian,ATS,Estándar,Sea Horizon,Lonestar Forwarding,2 267 km,2 264 km,130 km/h,Real,138 575 $,0 $,0,3628,2026-08-03,2264
Yenny,ATS,Estándar,Deepgrove,42 Print,565 km,570 km,127 km/h,Real,10 077 $,4 400 $,9,1431,2026-08-03,570
Camilo Gang,ATS,Estándar,Apade,Bitumen,3 087 km,3 081 km,130 km/h,Real,8 798 $,0 $,3,5228,2026-08-03,3081
MrSebas,ATS,Estándar,Gastream,Gastream,784 km,836 km,127 km/h,Real,0 $,0 $,50,1569,2026-08-03,836
Camilo Gang,ATS,Estándar,Bitumen,Bushnell Farms,1 173 km,1 174 km,130 km/h,Real,37 055 $,0 $,8,1955,2026-08-03,1174
Mr_Gerzon,ATS,Estándar,Vortex,Avalanche Steel,6 106 km,7 106 km,130 km/h,Real,134 183 $,0 $,5,15479,2026-08-03,7106
El puma (CT),ATS,Estándar,Rock Port,Sea Horizon,5 058 km,6 000 km,129 km/h,Real,100 793 $,0 $,8,9507,2026-08-03,6000
DON ISMA,ATS,Estándar,pda_bus,terminales,346 km,333 km,100 km/h,Real,7 608 $,0 $,0,2562,2026-08-03,333
Mr_Gerzon,ATS,Estándar,Apade,Deepgrove,1 093 km,1 086 km,129 km/h,Real,47 573 $,0 $,0,2265,2026-08-03,1086
MALA INFLUENCIA,ATS,Estándar,Vortex,Avalanche Steel,6 106 km,7 106 km,130 km/h,Real,107 440 $,0 $,1,12050,2026-08-03,7106
El puma (CT),ATS,Estándar,US Beverages & Bottling,Beaumont Freight Terminal,777 km,718 km,129 km/h,Real,0 $,0 $,100,1464,2026-08-03,718
CT/Cristian,ATS,Estándar,Lonestar Forwarding,Global Mills,2 101 km,2 170 km,129 km/h,Real,40 289 $,0 $,13,3951,2026-08-03,2170
Mr_Gerzon,ATS,Estándar,Deepgrove,Enterpriser,723 km,720 km,128 km/h,Real,28 063 $,0 $,0,1723,2026-08-03,720
andresnintendo,ATS,Estándar,argos,ejercito,360 km,358 km,99 km/h,Real,1 118 $,0 $,0,3755,2026-08-03,358
MALA INFLUENCIA,ATS,Estándar,Avalanche Steel,Plaster & Sons,573 km,444 km,130 km/h,Real,35 628 $,0 $,0,979,2026-08-03,444
Mr_Gerzon,ATS,Estándar,Enterpriser,bc_hydro,2 235 km,2 270 km,129 km/h,Real,38 809 $,0 $,8,5854,2026-08-04,2270
CT/Cristian,ATS,Estándar,Sweetbeets,Houston Cargo Terminal,2 789 km,2 466 km,130 km/h,Real,88 062 $,0 $,5,4960,2026-08-04,2466
ReyMisterio,ATS,Estándar,Sweetbeets,Houston Cargo Terminal,2 789 km,2 458 km,130 km/h,Real,14 682 $,0 $,21,4870,2026-08-04,2458
andresnintendo,ATS,Estándar,Plaster & Sons,invias,522 km,528 km,99 km/h,Real,29 719 $,0 $,0,5117,2026-08-04,528
Jose Naukin,ATS,Estándar,Chicago International Airport,NAMIQ,1 093 km,1 103 km,128 km/h,Real,73 706 $,9 680 $,2,2542,2026-08-04,1103
Jose Naukin,ATS,Estándar,NAMIQ,NAMIQ,257 km,258 km,119 km/h,Real,12 566 $,500 $,0,967,2026-08-04,258
zaren_col,ATS,Estándar,Coastline Mining,Apade,1 334 km,1 333 km,128 km/h,Real,49 349 $,0 $,0,2673,2026-08-04,1333
profeta(CT),ATS,Estándar,Apade,Bushnell Farms,1 379 km,1 538 km,129 km/h,Real,94 911 $,0 $,4,3688,2026-08-04,1538
Brayan Gamer,ATS,Estándar,Enterpriser,Coastline Mining,1 666 km,1 927 km,129 km/h,Real,3 154 $,0 $,0,3107,2026-08-04,1927
Jose Naukin,ATS,Estándar,Sunshine Crops,Bitumen,316 km,155 km,115 km/h,Real,1 956 $,5 340 $,7,2157,2026-08-04,155
zaren_col,ATS,Estándar,Apade,Apade,1 054 km,1 053 km,126 km/h,Real,42 331 $,0 $,0,2011,2026-08-04,1053
Jose Naukin,ATS,Estándar,ramo,ara,343 km,320 km,124 km/h,Real,858 $,5 100 $,0,3318,2026-08-04,320
MALA INFLUENCIA,ATS,Estándar,Tidbit,Deepgrove,3 590 km,3 276 km,129 km/h,Real,24 328 $,0 $,2,5702,2026-08-04,3276
Roger.Diaz,ATS,Estándar,Gastream,Deepgrove,2 360 km,2 424 km,128 km/h,Real,25 025 $,0 $,0,4073,2026-08-04,2424
El puma (CT),ATS,Estándar,Enterpriser,Deepgrove,1 446 km,1 446 km,130 km/h,Real,29 476 $,0 $,14,2579,2026-08-04,1446
ReyMisterio,ATS,Estándar,Kenworth,Deepgrove,3 652 km,2 692 km,129 km/h,Real,0 $,0 $,87,4606,2026-08-04,2692
Ayala.jav,ATS,Estándar,Tidbit,Deepgrove,2 795 km,3 236 km,129 km/h,Real,0 $,0 $,27,5643,2026-08-04,3236
CRISTHIAN 926,ATS,Estándar,Gallon Oil,Deepgrove,2 820 km,2 884 km,130 km/h,Real,45 125 $,0 $,0,5133,2026-08-04,2884
Brayan Gamer,ATS,Estándar,Tidbit,Deepgrove,3 220 km,3 261 km,130 km/h,Real,29 297 $,0 $,1,5796,2026-08-04,3261
Guardian777,ATS,Estándar,Avalanche Steel,Vortex,5 662 km,5 758 km,130 km/h,Real,0 $,0 $,80,11208,2026-08-04,5758
Mr_Gerzon,ATS,Estándar,Coastline Mining,Brownsville Port,4 652 km,4 702 km,129 km/h,Real,183 042 $,0 $,0,9279,2026-08-04,4702
El puma (CT),ATS,Estándar,Deepgrove,Coastline Mining,2 754 km,2 745 km,129 km/h,Real,186 426 $,0 $,0,4955,2026-08-04,2745
MALA INFLUENCIA,ATS,Estándar,Deepgrove,Coastline Mining,2 754 km,3 292 km,129 km/h,Real,63 002 $,0 $,15,5083,2026-08-04,3292
CRISTHIAN 926,ATS,Estándar,Deepgrove,Coastline Mining,2 754 km,3 268 km,130 km/h,Real,36 541 $,0 $,13,5325,2026-08-04,3268
Brayan Gamer,ATS,Estándar,Deepgrove,Coastline Mining,3 108 km,3 100 km,130 km/h,Real,170 365 $,0 $,1,5466,2026-08-04,3100
Roger.Diaz,ATS,Estándar,Deepgrove,Coastline Mining,2 691 km,3 363 km,128 km/h,Real,27 034 $,0 $,1,5383,2026-08-04,3363
Mr_Gerzon,ATS,Estándar,Wallbert,Bushnell Farms,1 929 km,1 903 km,129 km/h,Real,83 260 $,0 $,0,3569,2026-08-04,1903
Ayala.jav,ATS,Estándar,Starbridge,Coastline Mining,2 687 km,3 204 km,130 km/h,Real,28 415 $,0 $,5,5523,2026-08-04,3204
MALA INFLUENCIA,ATS,Estándar,Coastline Mining,AI Automotive,2 103 km,2 114 km,130 km/h,Real,36 209 $,0 $,0,3550,2026-08-04,2114
Brayan Gamer,ATS,Estándar,Coastline Mining,AI Automotive,2 103 km,2 108 km,130 km/h,Real,36 209 $,0 $,0,3511,2026-08-04,2108
CRISTHIAN 926,ATS,Estándar,Coastline Mining,AI Automotive,2 103 km,2 099 km,130 km/h,Real,18 079 $,0 $,0,3622,2026-08-04,2099
Camilo Gang,ATS,Estándar,Peterbilt,Bitumen,476 km,476 km,130 km/h,Real,8 059 $,0 $,0,839,2026-08-04,476
Old_picotto,ATS,Wotr,Vitas Power,Rail Export,3 236 km,3 248 km,113 km/h,Real,144 991 $,0 $,0,6968,2026-08-04,3248
andres guerra,ATS,Estándar,bodegon,gomezsas,362 km,261 km,104 km/h,Real,1 865 $,0 $,0,3540,2026-08-04,261
Ing.Juancho,ATS,Estándar,Vortex,Gallon Oil,2 199 km,2 208 km,129 km/h,Real,135 730 $,0 $,0,4034,2026-08-04,2208
DON ISMA,ATS,Estándar,Apex Steel,Avalanche Steel,4 945 km,5 945 km,130 km/h,Real,112 544 $,0 $,0,9347,2026-08-04,5945
ZayCruz,ATS,Estándar,Avalanche Steel,Farmer's Barn,2 209 km,2 209 km,129 km/h,Real,207 840 $,0 $,1,5322,2026-08-04,2209
MALA INFLUENCIA,ATS,Estándar,Avalanche Steel,Taylor Construction Group,4 749 km,5 388 km,130 km/h,Real,76 662 $,0 $,2,8273,2026-08-04,5388
MrSebas,ATS,Estándar,Rail Export,Gastream,1 321 km,1 329 km,127 km/h,Real,126 318 $,0 $,0,2636,2026-08-04,1329
CRISTHIAN 926,ATS,Estándar,AI Automotive,Coastline Mining,2 062 km,2 061 km,130 km/h,Real,32 429 $,0 $,0,3621,2026-08-04,2061
MrSebas,ATS,Estándar,Gastream,Gallon Oil,1 085 km,1 084 km,127 km/h,Real,91 487 $,0 $,0,2102,2026-08-04,1084
DON ISMA,ATS,Estándar,Flavorfair,Starbridge,4 666 km,5 170 km,130 km/h,Real,98 798 $,0 $,0,7790,2026-08-04,5170
CT/Cristian,ATS,Estándar,Plaster & Sons,Bitumen,2 106 km,2 101 km,130 km/h,Real,28 795 $,0 $,0,3287,2026-08-04,2101
MrSebas,ATS,Estándar,Port of SF,Gallon Oil,1 733 km,1 749 km,129 km/h,Real,160 416 $,0 $,1,3303,2026-08-04,1749
ReyMisterio,ATS,Estándar,Kenworth,Tidbit,3 301 km,2 969 km,130 km/h,Real,0 $,0 $,100,5061,2026-08-04,2969
Undertaker03,ATS,Estándar,Bushnell Farms,Tidbit,1 966 km,1 958 km,130 km/h,Real,19 916 $,0 $,6,3547,2026-08-04,1958
LuisYanez9,ATS,Estándar,Bushnell Farms,Tidbit,2 024 km,2 049 km,130 km/h,Real,4 899 $,0 $,6,3612,2026-08-04,2049
Mr_Gerzon,ATS,Estándar,Kenworth,American Truck Haulers,4 670 km,4 654 km,129 km/h,Real,180 095 $,0 $,2,10432,2026-08-04,4654
-Gio-,ATS,Estándar,Enterpriser,Rail Export,2 510 km,3 138 km,129 km/h,Real,60 928 $,0 $,0,5978,2026-08-04,3138
Ing.Juancho,ATS,Estándar,Alis Cars,Bitumen,1 653 km,2 008 km,129 km/h,Real,17 159 $,0 $,17,4267,2026-08-04,2008
Mr_Gerzon,ATS,Estándar,Bushnell Farms,Apex Steel,1 127 km,1 120 km,129 km/h,Real,46 985 $,0 $,1,2075,2026-08-04,1120
MrSebas,ATS,Estándar,Gastream,WP,1 642 km,1 645 km,130 km/h,Real,146 374 $,0 $,1,3101,2026-08-04,1645
Trucker_JJ,ATS,Estándar,Taylor Construction Group,Coastline Mining,4 348 km,0 km,129 km/h,Real,324 794 $,0 $,1,5972,2026-08-04,0
Camilo Gang,ATS,Estándar,Bitumen,Deepgrove,2 220 km,2 635 km,130 km/h,Real,20 967 $,0 $,11,4499,2026-08-04,2635
MALA INFLUENCIA,ATS,Estándar,Tidbit,AI Automotive,2 223 km,2 232 km,129 km/h,Real,21 596 $,0 $,0,3392,2026-08-04,2232
DON ISMA,ATS,Estándar,Tidbit,AI Automotive,2 222 km,2 226 km,129 km/h,Real,20 175 $,0 $,1,3324,2026-08-04,2226
ReyMisterio,ATS,Estándar,Tidbit,AI Automotive,2 222 km,2 227 km,130 km/h,Real,14 629 $,0 $,0,3472,2026-08-04,2227
CT/Cristian,ATS,Estándar,Tidbit,AI Automotive,2 222 km,2 222 km,129 km/h,Real,20 443 $,0 $,1,3365,2026-08-04,2222
-Gio-,ATS,Estándar,Gastream,AI Automotive,1 302 km,1 302 km,129 km/h,Real,43 529 $,0 $,0,2018,2026-08-04,1302
Ing.Juancho,ATS,Estándar,Bitumen,Apade,248 km,310 km,129 km/h,Real,6 554 $,0 $,0,1567,2026-08-04,310
MrSebas,ATS,Estándar,Enterpriser,SellGoods,1 745 km,1 754 km,127 km/h,Real,72 638 $,0 $,0,2929,2026-08-04,1754
Mr_Gerzon,ATS,Estándar,Syntetico,Rail Export,2 953 km,2 559 km,129 km/h,Real,104 668 $,0 $,0,4710,2026-08-05,2559
-Gio-,ATS,Estándar,Eddy's,Deepgrove,2 789 km,3 383 km,129 km/h,Real,9 350 $,0 $,0,5472,2026-08-05,3383
MALA INFLUENCIA,ATS,Estándar,Kenworth,Deepgrove,2 983 km,3 707 km,129 km/h,Real,9 957 $,0 $,0,5980,2026-08-05,3707
DON ISMA,ATS,Estándar,Kenworth,Deepgrove,3 632 km,3 679 km,129 km/h,Real,8 470 $,0 $,7,5906,2026-08-05,3679
CT/Cristian,ATS,Estándar,Kenworth,Deepgrove,2 983 km,3 692 km,130 km/h,Real,8 828 $,0 $,2,6093,2026-08-05,3692
andresnintendo,ATS,Estándar,solla,Bitumen,645 km,597 km,98 km/h,Real,1 172 $,0 $,0,7129,2026-08-05,597
Jose Naukin,ATS,Estándar,Enterpriser,Rail Export,913 km,918 km,126 km/h,Real,11 777 $,9 240 $,1,1996,2026-08-05,918
Trucker_JJ,ATS,Estándar,fre_bak1,fre_bak1,115 km,0 km,89 km/h,Real,5 881 $,0 $,0,374,2026-08-05,0
Jose Naukin,ATS,Estándar,Plaster & Sons,Plaster & Sons,393 km,491 km,124 km/h,Real,18 572 $,6 540 $,0,1199,2026-08-05,491
Mr_Gerzon,ATS,Estándar,Rail Export,Coastline Mining,778 km,759 km,128 km/h,Real,11 680 $,0 $,0,1603,2026-08-05,759
ReyMisterio,ATS,Estándar,Home Store,Page & Price Paper,4 376 km,4 525 km,127 km/h,Real,6 064 804 $,0 $,0,6407,2026-08-05,4525
andresnintendo,ATS,Estándar,big_cola,la_nubia,386 km,380 km,99 km/h,Real,1 112 $,0 $,0,4091,2026-08-05,380
Mr_Gerzon,ATS,Estándar,Coastline Mining,Chemso Ltd.,963 km,1 108 km,129 km/h,Real,36 348 $,0 $,0,2055,2026-08-05,1108
Jose Naukin,ATS,Estándar,Posped,Wilnet Transport,118 km,110 km,123 km/h,Real,5 428 $,700 $,1,1207,2026-08-05,110
Jose Naukin,ATS,Estándar,Deepgrove,Home Store,4 km,1 km,38 km/h,Real,32 377 $,0 $,0,38,2026-08-05,1
Brayan Gamer,ATS,Estándar,AI Automotive,Apade,1 924 km,1 926 km,129 km/h,Real,3 550 $,0 $,0,3025,2026-08-05,1926
Jose Naukin,ATS,Estándar,Steeler,Coastline Mining,190 km,1 km,30 km/h,Real,4 259 346 $,0 $,0,72,2026-08-05,1
El puma (CT),ATS,Estándar,Sea Horizon,Haddock Shipyard,4 981 km,5 940 km,129 km/h,Real,87 370 $,0 $,0,9285,2026-08-05,5940
Brayan Gamer,ATS,Estándar,Western Star,AI Automotive,561 km,560 km,129 km/h,Real,1 399 $,0 $,0,883,2026-08-05,560
MALA INFLUENCIA,ATS,Estándar,Enterpriser,AI Automotive,449 km,445 km,129 km/h,Real,7 670 $,0 $,0,737,2026-08-05,445
Guardian777,ATS,Estándar,Western Star,Bitumen,559 km,557 km,129 km/h,Real,1 397 $,0 $,0,850,2026-08-05,557
Undertaker03,ATS,Estándar,Rail Export,AI Automotive,564 km,564 km,129 km/h,Real,11 524 $,0 $,0,1081,2026-08-05,564
LuisYanez9,ATS,Estándar,Wallbert,AI Automotive,1 859 km,1 923 km,130 km/h,Real,32 075 $,0 $,0,3298,2026-08-05,1923
CT/Cristian,ATS,Estándar,Peterbilt,AI Automotive,913 km,937 km,129 km/h,Real,8 123 $,0 $,2,1612,2026-08-05,937
ReyMisterio,ATS,Estándar,Peterbilt,AI Automotive,1 501 km,1 512 km,130 km/h,Real,7 612 $,0 $,6,2818,2026-08-05,1512
MrSebas,ATS,Estándar,Sunshine Crops,Lumen auto,1 446 km,1 443 km,130 km/h,Real,63 387 $,0 $,0,2584,2026-08-05,1443
CRISTHIAN 926,ATS,Estándar,Vortex,Wallbert,4 327 km,5 327 km,130 km/h,Real,51 897 $,0 $,6,9439,2026-08-05,5327
Jose Naukin,ATS,Estándar,Wilnet Transport,Posped,107 km,105 km,112 km/h,Real,5 011 $,0 $,1,1333,2026-08-05,105
Ayala.jav,ATS,Estándar,Coastline Mining,Central Civil Works,2 668 km,3 189 km,129 km/h,Real,42 427 $,0 $,2,6034,2026-08-05,3189
Jose Naukin,ATS,Estándar,Posped,Wilnet Transport,118 km,111 km,90 km/h,Real,5 800 $,1 560 $,0,1349,2026-08-05,111
zaren_col,ATS,Estándar,Apade,AI Automotive,2 074 km,2 103 km,128 km/h,Real,78 211 $,0 $,0,3736,2026-08-05,2103
MALA INFLUENCIA,ATS,Estándar,AI Automotive,Coastline Mining,2 062 km,2 442 km,130 km/h,Real,26 430 $,0 $,0,3938,2026-08-05,2442
CT/Cristian,ATS,Estándar,AI Automotive,Coastline Mining,2 062 km,2 446 km,130 km/h,Real,24 021 $,0 $,2,3968,2026-08-05,2446
Brayan Gamer,ATS,Estándar,AI Automotive,Coastline Mining,2 062 km,2 443 km,129 km/h,Real,8 986 $,0 $,16,3999,2026-08-05,2443
Guardian777,ATS,Estándar,AI Automotive,Coastline Mining,2 062 km,2 430 km,130 km/h,Real,16 413 $,0 $,9,4113,2026-08-05,2430
ReyMisterio,ATS,Estándar,AI Automotive,Coastline Mining,2 595 km,2 442 km,130 km/h,Real,0 $,0 $,36,4237,2026-08-05,2442
Undertaker03,ATS,Estándar,AI Automotive,Coastline Mining,2 062 km,2 431 km,130 km/h,Real,19 722 $,0 $,6,4164,2026-08-05,2431
LuisYanez9,ATS,Estándar,AI Automotive,Coastline Mining,228 km,227 km,129 km/h,Real,3 487 $,0 $,1,416,2026-08-05,227
MALA INFLUENCIA,ATS,Estándar,Taylor Construction Group,Deepgrove,5 233 km,6 233 km,130 km/h,Real,25 250 $,0 $,2,10019,2026-08-05,6233
Brayan Gamer,ATS,Estándar,Coastline Mining,Bushnell Farms,2 851 km,2 851 km,130 km/h,Real,18 869 $,0 $,12,4927,2026-08-05,2851
Mr_Gerzon,ATS,Estándar,Chemso Ltd.,aron,1 130 km,1 413 km,129 km/h,Real,0 $,0 $,31,3279,2026-08-05,1413
CRISTHIAN 926,ATS,Estándar,Starbridge,Haddock Shipyard,4 158 km,5 006 km,130 km/h,Real,56 025 $,0 $,6,8088,2026-08-05,5006
Old_picotto,ATS,Wotr,Rail Export,Rock Port,3 747 km,3 788 km,117 km/h,Real,123 281 $,0 $,0,9671,2026-08-05,3788
Camilo Gang,ATS,Estándar,Kenworth,Bitumen,2 982 km,3 156 km,130 km/h,Real,9 439 $,0 $,1,5127,2026-08-05,3156
Mr_Gerzon,ATS,Estándar,Bushnell Farms,Enterpriser,2 302 km,2 386 km,129 km/h,Real,21 409 $,0 $,0,4579,2026-08-05,2386
Mr_Gerzon,ATS,Estándar,Enterpriser,Farmer's Barn,850 km,851 km,129 km/h,Real,29 748 $,0 $,0,1805,2026-08-05,851
andres guerra,ATS,Estándar,gomezsas,cenit,1 217 km,208 km,80 km/h,Real,835 $,8 500 $,0,3784,2026-08-05,208
Old_picotto,ATS,Wotr,Rock Port,Rail Export,3 424 km,3 422 km,111 km/h,Real,224 553 $,0 $,0,7324,2026-08-05,3422
Ing.Juancho,ATS,Estándar,Apade,Bitumen,1 647 km,2 059 km,130 km/h,Real,90 290 $,0 $,1,4466,2026-08-05,2059
Undertaker03,ATS,Estándar,Bitumen,Coastline Mining,1 960 km,2 369 km,130 km/h,Real,0 $,0 $,33,5843,2026-08-05,2369
Ing.Juancho,ATS,Estándar,Bitumen,Coastline Mining,1 960 km,2 377 km,129 km/h,Real,23 021 $,0 $,7,6010,2026-08-05,2377
Mr_Gerzon,ATS,Estándar,Farmer's Barn,Bitumen,3 917 km,4 336 km,129 km/h,Real,105 216 $,0 $,1,9187,2026-08-05,4336
El puma (CT),ATS,Estándar,Vortex,Avalanche Steel,5 053 km,6 003 km,129 km/h,Real,48 519 $,0 $,6,9544,2026-08-05,6003
Yenny,ATS,Estándar,Bitumen,42 Print,782 km,978 km,140 km/h,Carrera,22 206 $,5 860 $,3,3444,2026-08-05,978
Mr_Gerzon,ATS,Estándar,Bitumen,parks_ca,1 561 km,1 508 km,129 km/h,Real,20 868 $,0 $,3,3947,2026-08-05,1508
DON ISMA,ATS,Estándar,terminales,terminales,566 km,517 km,100 km/h,Real,9 872 $,0 $,0,3861,2026-08-05,517
El puma (CT),ATS,Estándar,Beaumont Freight Terminal,GARC,1 508 km,1 556 km,129 km/h,Real,51 953 $,0 $,3,3541,2026-08-06,1556
andresnintendo,ATS,Estándar,big_cola,agrocol,501 km,502 km,98 km/h,Real,2 003 $,0 $,1,5672,2026-08-06,502
Guardian777,ATS,Estándar,Coastline Mining,Deepgrove,2 000 km,2 170 km,130 km/h,Real,116 682 $,0 $,2,3760,2026-08-06,2170
ReyMisterio,ATS,Estándar,Starbridge,Equos Power Transport,4 397 km,5 397 km,128 km/h,Real,14 373 424 $,0 $,0,8026,2026-08-06,5397
Old_picotto,ATS,Wotr,Rail Export,Brownsville Port,3 636 km,3 658 km,110 km/h,Real,144 174 $,0 $,0,8224,2026-08-06,3658
El puma (CT),ATS,Estándar,GARC,Chuck & Jack's,920 km,922 km,129 km/h,Real,55 993 $,0 $,0,1965,2026-08-06,922
andresnintendo,ATS,Estándar,llanabastos,exito,288 km,291 km,97 km/h,Real,1 149 $,0 $,0,3019,2026-08-06,291
ReyMisterio,ATS,Estándar,Chemso Ltd.,Eddy's,1 482 km,680 km,129 km/h,Real,3 053 941 $,0 $,0,987,2026-08-06,680
Roger.Diaz,ATS,Estándar,Coastline Mining,AI Automotive,2 103 km,2 092 km,130 km/h,Real,36 209 $,0 $,0,3566,2026-08-06,2092
Brayan Gamer,ATS,Estándar,Eddy's,Starbridge,1 806 km,1 811 km,129 km/h,Real,28 476 $,0 $,0,3401,2026-08-06,1811
DON ISMA,ATS,Estándar,Shop Town,Vortex,4 637 km,5 637 km,129 km/h,Real,33 958 $,0 $,0,9067,2026-08-06,5637
Brayan Gamer,ATS,Estándar,American Lines,Coastline Mining,684 km,683 km,130 km/h,Real,23 716 $,0 $,0,1412,2026-08-06,683
Jose Naukin,ATS,Estándar,Syntetico,Taylor Construction Group,4 km,4 km,55 km/h,Real,45 684 $,180 $,0,181,2026-08-06,4
Jose Naukin,ATS,Estándar,US Beverages & Bottling,Faraday,183 km,185 km,127 km/h,Real,281 826 $,2 460 $,0,579,2026-08-06,185
Ayala.jav,ATS,Estándar,Starbridge,Haddock Shipyard,4 316 km,5 064 km,130 km/h,Real,77 022 $,0 $,0,8906,2026-08-06,5064
El puma (CT),ATS,Estándar,Enterpriser,Haddock Shipyard,3 001 km,2 998 km,128 km/h,Real,51 421 $,0 $,0,5369,2026-08-06,2998
Brayan Gamer,ATS,Estándar,Western Star,Home Store,1 009 km,1 008 km,130 km/h,Real,3 552 $,0 $,0,1538,2026-08-06,1008
CT/Cristian,ATS,Estándar,Enterpriser,Home Store,2 073 km,2 510 km,130 km/h,Real,3 779 $,0 $,0,3940,2026-08-06,2510
CRISTHIAN 926,ATS,Estándar,Haddock Shipyard,Gallon Oil,2 119 km,2 115 km,129 km/h,Real,35 529 $,0 $,0,3506,2026-08-06,2115
faver,ATS,Estándar,Sunshine Crops,NAMIQ,3 979 km,4 370 km,129 km/h,Real,66 589 $,0 $,1,7094,2026-08-06,4370
CT/Cristian,ATS,Estándar,Wallbert,Peterbilt,1 955 km,1 953 km,129 km/h,Real,74 434 $,0 $,1,3064,2026-08-06,1953
Brayan Gamer,ATS,Estándar,Wallbert,Peterbilt,1 955 km,1 950 km,130 km/h,Real,79 383 $,0 $,0,3092,2026-08-06,1950
LuisYanez9,ATS,Estándar,Enterpriser,SellGoods,155 km,154 km,128 km/h,Real,6 191 $,0 $,0,460,2026-08-06,154
CRISTHIAN 926,ATS,Estándar,Mon Coeur,Deepgrove,1 995 km,1 999 km,129 km/h,Real,33 468 $,0 $,0,3227,2026-08-06,1999
Roger.Diaz,ATS,Estándar,AI Automotive,Brownsville Port,3 672 km,3 784 km,130 km/h,Real,64 203 $,0 $,0,6099,2026-08-06,3784
DON ISMA,ATS,Estándar,Page & Price Paper,US Beverages & Bottling,4 654 km,5 654 km,129 km/h,Real,135 643 $,0 $,0,9193,2026-08-06,5654
Old_picotto,ATS,Wotr,Rock Port,Global Mills,3 324 km,3 315 km,116 km/h,Real,133 725 $,0 $,0,7868,2026-08-06,3315
El puma (CT),ATS,Estándar,Haddock Shipyard,Sea Horizon,5 058 km,6 013 km,129 km/h,Real,89 037 $,0 $,0,9612,2026-08-06,6013
CRISTHIAN 926,ATS,Estándar,Deepgrove,Haddock Shipyard,4 044 km,4 160 km,130 km/h,Real,70 340 $,0 $,0,6761,2026-08-06,4160
LuisYanez9,ATS,Estándar,SellGoods,Apade,2 499 km,2 550 km,129 km/h,Real,53 181 $,0 $,4,5017,2026-08-06,2550
MALA INFLUENCIA,ATS,Estándar,Deepgrove,SellGoods,2 819 km,3 081 km,130 km/h,Real,45 612 $,0 $,1,5458,2026-08-06,3081
LuisYanez9,ATS,Estándar,Wallbert,Bitumen,110 km,113 km,105 km/h,Real,1 922 $,0 $,0,515,2026-08-06,113
ZayCruz,ATS,Estándar,Asuma,GARC,3 953 km,4 327 km,129 km/h,Real,0 $,0 $,100,10266,2026-08-06,4327
Mr_Gerzon,ATS,Estándar,parks_ca,18 Wheels,4 052 km,5 052 km,129 km/h,Real,222 265 $,0 $,1,12335,2026-08-06,5052
Mr_Gerzon,ATS,Estándar,18 Wheels,Apade,1 604 km,1 614 km,128 km/h,Real,96 767 $,0 $,0,2959,2026-08-06,1614
DON ISMA,ATS,Estándar,Deepgrove,Bitumen,3 368 km,3 367 km,130 km/h,Real,12 011 $,0 $,0,5381,2026-08-06,3367
MALA INFLUENCIA,ATS,Estándar,SellGoods,SellGoods,2 809 km,3 168 km,130 km/h,Real,12 120 $,0 $,8,5380,2026-08-06,3168
LuisYanez9,ATS,Estándar,Bitumen,AI Automotive,2 686 km,3 358 km,128 km/h,Real,17 276 $,0 $,0,7890,2026-08-06,3358
Mr_Gerzon,ATS,Estándar,Venture,Coastline Mining,3 034 km,3 143 km,129 km/h,Real,0 $,0 $,34,5555,2026-08-06,3143
ReyMisterio,ATS,Estándar,Venture,42 Print,4 244 km,4 279 km,129 km/h,Real,144 057 $,0 $,1,8012,2026-08-06,4279
Undertaker03,ATS,Estándar,Apade,42 Print,2 865 km,3 195 km,130 km/h,Real,156 632 $,0 $,5,6008,2026-08-06,3195
faver,ATS,Estándar,NAMIQ,Gallon Oil,4 001 km,4 213 km,129 km/h,Real,69 902 $,0 $,0,6698,2026-08-06,4213
El puma (CT),ATS,Estándar,Sea Horizon,Vortex,4 983 km,5 824 km,129 km/h,Real,114 944 $,0 $,6,9385,2026-08-06,5824
Yenny,ATS,Estándar,42 Print,42 Print,716 km,718 km,125 km/h,Real,21 669 $,7 500 $,1,2149,2026-08-06,718
MALA INFLUENCIA,ATS,Estándar,Starbridge,Brownsville Port,4 043 km,4 762 km,130 km/h,Real,62 570 $,0 $,3,7860,2026-08-06,4762
Old_picotto,ATS,Wotr,Global Mills,Rock Port,2 178 km,2 196 km,115 km/h,Real,84 156 $,0 $,0,5080,2026-08-06,2196
DON ISMA,ATS,Estándar,Starbridge,Brownsville Port,4 619 km,4 791 km,130 km/h,Real,40 748 $,0 $,0,7755,2026-08-06,4791
MrSebas,ATS,Estándar,Coastline Mining,Coastline Mining,1 493 km,1 482 km,130 km/h,Real,108 302 $,0 $,0,2428,2026-08-07,1482
MALA INFLUENCIA,ATS,Estándar,Brownsville Port,Deepgrove,4 068 km,4 723 km,129 km/h,Real,43 979 $,0 $,1,7289,2026-08-07,4723
Jose Naukin,ATS,Estándar,Faraday,HMS Machinery,3 916 km,4 113 km,129 km/h,Real,101 530 785 $,20 800 $,3,7495,2026-08-07,4113
Guardian777,ATS,Estándar,Vortex,Avalanche Steel,5 053 km,5 997 km,129 km/h,Real,0 $,0 $,25,10312,2026-08-07,5997
Mr_Gerzon,ATS,Estándar,Avalanche Steel,Haddock Shipyard,4 850 km,5 416 km,129 km/h,Real,23 888 $,0 $,7,9953,2026-08-07,5416
DON ISMA,ATS,Estándar,Brownsville Port,Deepgrove,4 687 km,4 688 km,130 km/h,Real,54 328 $,0 $,0,7307,2026-08-07,4688
El puma (CT),ATS,Estándar,Vortex,Sea Horizon,5 060 km,6 002 km,129 km/h,Real,89 868 $,0 $,0,9563,2026-08-07,6002
-Gio-,ATS,Estándar,Kenworth,Deepgrove,2 983 km,3 667 km,128 km/h,Real,33 207 $,0 $,0,6039,2026-08-07,3667
Ayala.jav,ATS,Estándar,Rock Port,Deepgrove,4 310 km,5 168 km,129 km/h,Real,72 519 $,0 $,1,9360,2026-08-07,5168
Old_picotto,ATS,Wotr,Rock Port,Bitumen,3 275 km,3 431 km,125 km/h,Real,341 266 $,0 $,0,8292,2026-08-07,3431
andresnintendo,ATS,Estándar,agrocol,agrocol,305 km,197 km,98 km/h,Real,1 422 $,0 $,0,1896,2026-08-07,197
CRISTHIAN 926,ATS,Estándar,Haddock Shipyard,Gallon Oil,2 119 km,2 118 km,130 km/h,Real,35 529 $,0 $,0,3680,2026-08-07,2118
Roger.Diaz,ATS,Estándar,SellGoods,Apade,1 654 km,1 649 km,129 km/h,Real,60 546 $,0 $,1,3065,2026-08-07,1649
Ayala.jav,ATS,Estándar,Starbridge,AI Automotive,2 934 km,3 388 km,129 km/h,Real,46 016 $,0 $,2,5971,2026-08-07,3388
Ayala.jav,ATS,Estándar,Deepgrove,42 Print,2 077 km,2 067 km,129 km/h,Real,35 769 $,0 $,0,3584,2026-08-07,2067
Brayan Gamer,ATS,Estándar,Peterbilt,Coastline Mining,826 km,829 km,129 km/h,Real,3 015 $,0 $,0,1336,2026-08-07,829
profeta(CT),ATS,Estándar,Avalanche Steel,Haddock Shipyard,6 149 km,6 075 km,130 km/h,Real,0 $,0 $,65,13417,2026-08-07,6075
ReyMisterio,ATS,Estándar,Rock Port,Avalanche Steel,6 104 km,7 104 km,130 km/h,Real,181 307 $,0 $,2,11960,2026-08-07,7104
-Gio-,ATS,Estándar,Starbridge,Charged,2 945 km,3 682 km,129 km/h,Real,32 802 $,0 $,0,5784,2026-08-07,3682
Roger.Diaz,ATS,Estándar,Apade,Brownsville Port,2 234 km,2 234 km,129 km/h,Real,81 525 $,0 $,0,3675,2026-08-07,2234
El puma (CT),ATS,Estándar,Sea Horizon,Vortex,4 983 km,5 817 km,130 km/h,Real,88 959 $,0 $,0,8955,2026-08-07,5817
DON ISMA,ATS,Estándar,Starbridge,Creole Bay Port,4 892 km,5 141 km,129 km/h,Real,109 965 $,0 $,0,7845,2026-08-07,5141
MALA INFLUENCIA,ATS,Estándar,Starbridge,Vortex,4 318 km,5 162 km,129 km/h,Real,48 865 $,0 $,0,7876,2026-08-07,5162
Yenny,ATS,Estándar,Bushnell Farms,Coastline Mining,2 742 km,3 428 km,127 km/h,Real,0 $,33 420 $,26,7700,2026-08-07,3428
ReyMisterio,ATS,Estándar,Bushnell Farms,Coastline Mining,254 km,254 km,126 km/h,Real,12 504 $,0 $,0,616,2026-08-07,254
CRISTHIAN 926,ATS,Estándar,Bushnell Farms,Vortex,3 758 km,3 944 km,130 km/h,Real,64 016 $,0 $,0,6820,2026-08-07,3944
faver,ATS,Estándar,Tidbit,NAMIQ,4 042 km,4 405 km,129 km/h,Real,59 738 $,0 $,4,7147,2026-08-07,4405
Guardian777,ATS,Estándar,Avalanche Steel,Haddock Shipyard,4 974 km,5 974 km,130 km/h,Real,1 988 $,0 $,19,10106,2026-08-07,5974
CRISTHIAN 926,ATS,Estándar,Vortex,Gallon Oil,2 121 km,2 119 km,130 km/h,Real,35 580 $,0 $,0,3776,2026-08-07,2119
andres guerra,ATS,Estándar,WDS,Home Store,2 020 km,2 040 km,114 km/h,Real,51 930 $,6 100 $,3,5363,2026-08-07,2040
Roger.Diaz,ATS,Estándar,Brownsville Port,Deepgrove,4 013 km,4 628 km,129 km/h,Real,113 391 $,0 $,0,7167,2026-08-07,4628
Old_picotto,ATS,Wotr,Rail Export,Shop Town,2 419 km,2 454 km,113 km/h,Real,93 158 $,0 $,0,5529,2026-08-07,2454
El puma (CT),ATS,Estándar,Vortex,Avalanche Steel,5 053 km,6 030 km,130 km/h,Real,41 540 $,0 $,13,9578,2026-08-07,6030
MALA INFLUENCIA,ATS,Estándar,Vortex,Sea Horizon,5 060 km,6 006 km,129 km/h,Real,90 648 $,0 $,0,9359,2026-08-07,6006
andres guerra,ATS,Estándar,cenit,Agrominta UAB,1 377 km,360 km,104 km/h,Real,0 $,15 060 $,0,5441,2026-08-07,360
Brayan Gamer,ATS,Estándar,Coastline Mining,Apade,2 940 km,2 943 km,129 km/h,Real,4 558 $,0 $,3,4799,2026-08-07,2943
El puma (CT),ATS,Estándar,Chuck & Jack's,Chuck & Jack's,935 km,923 km,123 km/h,Real,27 955 $,0 $,2,2215,2026-08-07,923
ReyMisterio,ATS,Estándar,Taylor Construction Group,Wallbert,3 000 km,3 750 km,127 km/h,Real,21 803 500 $,0 $,0,6015,2026-08-07,3750
El puma (CT),ATS,Estándar,Chuck & Jack's,Taylor Construction Group,976 km,976 km,110 km/h,Real,36 414 $,0 $,0,2331,2026-08-07,976
Brayan Gamer,ATS,Estándar,Apade,Gallon Oil,2 873 km,2 877 km,129 km/h,Real,5 106 $,0 $,0,4326,2026-08-07,2877
faver,ATS,Estándar,NAMIQ,Gallon Oil,4 001 km,4 199 km,129 km/h,Real,58 552 $,0 $,4,6605,2026-08-07,4199
El puma (CT),ATS,Estándar,Taylor Construction Group,Taylor Construction Group,1 620 km,1 624 km,129 km/h,Real,28 983 $,0 $,0,3157,2026-08-07,1624
Brayan Gamer,ATS,Estándar,Sunshine Crops,Bitumen,1 574 km,1 571 km,129 km/h,Real,2 958 $,0 $,0,2350,2026-08-07,1571
Mr_Gerzon,ATS,Estándar,Haddock Shipyard,Avalanche Steel,6 103 km,7 103 km,129 km/h,Real,28 842 $,0 $,3,14429,2026-08-07,7103
ReyMisterio,ATS,Estándar,Wallbert,Taylor Construction Group,5 136 km,6 032 km,129 km/h,Real,21 313 900 $,0 $,0,8530,2026-08-07,6032
MrSebas,ATS,Estándar,Eddy's,Rail Export,1 645 km,1 710 km,130 km/h,Real,44 102 $,0 $,1,3384,2026-08-07,1710
Brayan Gamer,ATS,Estándar,Bitumen,Sunshine Crops,1 201 km,1 193 km,129 km/h,Real,2 399 $,0 $,0,1948,2026-08-07,1193
MALA INFLUENCIA,ATS,Estándar,Rock Port,Sea Horizon,6 111 km,7 111 km,130 km/h,Real,25 395 $,0 $,6,11267,2026-08-07,7111
Guardian777,ATS,Estándar,Vortex,Sea Horizon,6 113 km,7 067 km,130 km/h,Real,0 $,0 $,25,11428,2026-08-07,7067
Brayan Gamer,ATS,Estándar,Sunshine Crops,Oakland Shippers,1 075 km,1 076 km,130 km/h,Real,21 880 $,0 $,12,1913,2026-08-07,1076
MrSebas,ATS,Estándar,Rail Export,Enterpriser,1 288 km,1 286 km,130 km/h,Real,65 652 $,0 $,0,2412,2026-08-07,1286
Mr_Gerzon,ATS,Estándar,Avalanche Steel,Plaster & Sons,1 802 km,2 074 km,129 km/h,Real,59 367 $,0 $,6,5501,2026-08-07,2074
Brayan Gamer,ATS,Estándar,Oakland Shippers,Gallon Oil,1 519 km,1 519 km,129 km/h,Real,2 874 $,0 $,0,2333,2026-08-07,1519
profeta(CT),ATS,Estándar,Haddock Shipyard,Plaster & Sons,5 527 km,5 508 km,130 km/h,Real,1 562 $,0 $,19,10891,2026-08-07,5508
ReyMisterio,ATS,Estándar,Brownsville Port,Phoenix,4 803 km,5 709 km,128 km/h,Real,27 900 361 $,0 $,0,8150,2026-08-07,5709
DON ISMA,ATS,Estándar,Drake Cars,Rock Port,4 927 km,5 927 km,130 km/h,Real,194 497 $,0 $,0,9966,2026-08-07,5927
zaren_col,ATS,Estándar,AI Automotive,Apade,3 028 km,3 037 km,127 km/h,Real,116 450 $,0 $,0,5088,2026-08-07,3037
Brayan Gamer,ATS,Estándar,Sunshine Crops,Deepgrove,3 038 km,3 084 km,130 km/h,Real,5 367 $,0 $,0,4900,2026-08-07,3084
MALA INFLUENCIA,ATS,Estándar,Taylor Construction Group,Sea Horizon,5 840 km,6 840 km,129 km/h,Real,65 766 $,0 $,5,10898,2026-08-08,6840
Jose Naukin,ATS,Estándar,ecopetrol,colgas,313 km,282 km,110 km/h,Real,1 829 $,6 800 $,0,2790,2026-08-08,282
El puma (CT),ATS,Estándar,Rock Port,Sea Horizon,5 058 km,6 010 km,130 km/h,Real,157 218 $,0 $,0,9617,2026-08-08,6010
Guardian777,ATS,Estándar,Sea Horizon,Vortex,6 158 km,6 065 km,130 km/h,Real,0 $,0 $,48,10108,2026-08-08,6065
DON ISMA,ATS,Estándar,Fish Tail Food,Lumen auto,4 329 km,4 368 km,130 km/h,Real,16 296 $,0 $,0,6616,2026-08-08,4368
Jose Naukin,ATS,Estándar,colgas,ecopetrol,158 km,144 km,99 km/h,Real,859 $,1 600 $,0,1888,2026-08-08,144
Brayan Gamer,ATS,Estándar,Deepgrove,Gallon Oil,3 046 km,3 042 km,129 km/h,Real,5 376 $,0 $,0,4754,2026-08-08,3042
-Gio-,ATS,Estándar,Charged,Deepgrove,2 980 km,3 720 km,128 km/h,Real,33 987 $,0 $,0,6083,2026-08-08,3720
profeta(CT),ATS,Estándar,Equos Power Transport,Plaster & Sons,5 205 km,5 322 km,130 km/h,Real,0 $,0 $,60,10355,2026-08-08,5322
Mr_Gerzon,ETS2,Estándar,DomDepo,EuroGoodies,466 km,405 km,95 km/h,Real,20 477 €,0 €,0,1175,2026-08-08,405
Old_picotto,ATS,Wotr,Shop Town,Fish Tail Food,2 135 km,2 142 km,111 km/h,Real,33 571 $,0 $,0,4637,2026-08-08,2142
Brayan Gamer,ATS,Estándar,Sunshine Crops,Starbridge,2 978 km,2 977 km,129 km/h,Real,5 036 $,0 $,1,4434,2026-08-08,2977
Jose Naukin,ATS,Estándar,Costruzione di Edifici,yara,129 km,119 km,106 km/h,Real,696 $,0 $,0,1219,2026-08-08,119
Mr_Gerzon,ETS2,Estándar,Tradeaux,DomDepo,440 km,412 km,98 km/h,Real,14 830 €,0 €,1,1518,2026-08-08,412
zaren_col,ATS,Estándar,Starbridge,Brownsville Port,4 619 km,4 595 km,128 km/h,Real,0 $,0 $,31,7924,2026-08-08,4595
CRISTHIAN 926,ATS,Estándar,Coastline Mining,Haddock Shipyard,2 218 km,2 219 km,130 km/h,Real,19 044 $,0 $,0,4021,2026-08-08,2219
Jose Naukin,ATS,Estándar,yara,Costruzione di Edifici,141 km,135 km,90 km/h,Real,1 532 $,400 $,1,2020,2026-08-08,135
ReyMisterio,ATS,Estándar,Apade,Avalanche Steel,4 499 km,4 404 km,130 km/h,Real,560 658 $,0 $,1,7396,2026-08-08,4404
Brayan Gamer,ATS,Estándar,Starbridge,Gallon Oil,2 980 km,2 977 km,129 km/h,Real,5 273 $,0 $,0,4579,2026-08-08,2977
CRISTHIAN 926,ATS,Estándar,Haddock Shipyard,Gallon Oil,2 119 km,2 118 km,130 km/h,Real,33 294 $,0 $,0,3719,2026-08-08,2118
Jose Naukin,ATS,Estándar,riopaila,Bushnell Farms,230 km,220 km,101 km/h,Real,2 396 $,12 500 $,0,3331,2026-08-08,220
ReyMisterio,ATS,Estándar,Flavorfair,NAMIQ,301 km,293 km,129 km/h,Real,13 686 $,0 $,0,654,2026-08-08,293
Ayala.jav,ATS,Estándar,Peterbilt,Deepgrove,4 322 km,5 186 km,129 km/h,Real,53 786 $,0 $,2,9448,2026-08-08,5186
Brayan Gamer,ATS,Estándar,Sunshine Crops,Deepgrove,3 038 km,3 045 km,129 km/h,Real,5 367 $,0 $,0,4763,2026-08-08,3045
MALA INFLUENCIA,ATS,Estándar,Rock Port,Sea Horizon,6 111 km,7 111 km,130 km/h,Real,22 243 $,0 $,8,11590,2026-08-08,7111
andresnintendo,ATS,Estándar,solla,ara,308 km,292 km,92 km/h,Real,1 044 $,0 $,0,4613,2026-08-08,292
MrSebas,ATS,Estándar,AI Automotive,Gallon Oil,2 032 km,2 046 km,130 km/h,Real,84 703 $,0 $,0,3334,2026-08-08,2046
Brayan Gamer,ATS,Estándar,Deepgrove,Eddy's,297 km,297 km,115 km/h,Real,1 014 $,0 $,0,956,2026-08-08,297
Brayan Gamer,ATS,Estándar,Eddy's,Tidbit,142 km,142 km,114 km/h,Real,796 $,0 $,0,384,2026-08-08,142
DON ISMA,ATS,Estándar,Shop Town,MWM,4 813 km,5 813 km,130 km/h,Real,137 370 $,0 $,0,9772,2026-08-08,5813
Guardian777,ATS,Estándar,Vortex,Sea Horizon,6 113 km,7 113 km,129 km/h,Real,0 $,0 $,45,12215,2026-08-08,7113
Brayan Gamer,ATS,Estándar,Tidbit,Rail Export,376 km,376 km,115 km/h,Real,10 324 $,0 $,0,914,2026-08-08,376
Roger.Diaz,ATS,Estándar,Deep Wells,Deepgrove,5 337 km,6 337 km,130 km/h,Real,14 048 $,0 $,0,11525,2026-08-08,6337
MALA INFLUENCIA,ATS,Estándar,Sea Horizon,Gallon Oil,2 379 km,2 395 km,129 km/h,Real,24 687 $,0 $,0,4000,2026-08-08,2395
MrSebas,ATS,Estándar,Shop Town,Gallon Oil,2 011 km,2 126 km,130 km/h,Real,80 625 $,0 $,1,3551,2026-08-08,2126
Roger.Diaz,ATS,Estándar,Deepgrove,Brownsville Port,4 046 km,4 653 km,129 km/h,Real,13 576 $,0 $,0,7248,2026-08-08,4653
JotaRomero1604,ATS,Estándar,Mary's Cotton,Equos Power Transport,979 km,1 076 km,129 km/h,Real,20 603 $,0 $,0,2058,2026-08-08,1076
MALA INFLUENCIA,ATS,Estándar,Gallon Oil,Equos Power Transport,2 076 km,2 345 km,129 km/h,Real,23 475 $,0 $,0,3683,2026-08-08,2345
ReyMisterio,ATS,Estándar,Deepgrove,Page & Price Paper,4 465 km,5 248 km,129 km/h,Real,16 173 663 $,0 $,0,7370,2026-08-08,5248
ReyMisterio,ATS,Estándar,Brownsville Port,Port of Tacoma,4 804 km,5 804 km,129 km/h,Real,248 062 $,0 $,0,8496,2026-08-08,5804
Ing.Juancho,ATS,Estándar,invias,bodegon,381 km,377 km,90 km/h,Real,1 779 $,0 $,0,4648,2026-08-08,377
Mr_Gerzon,ETS2,Estándar,DomDepo,EuroGoodies,466 km,583 km,98 km/h,Real,15 212 €,0 €,4,2506,2026-08-08,583
Roger.Diaz,ATS,Estándar,Gastream,Brownsville Port,2 393 km,2 434 km,129 km/h,Real,7 507 $,0 $,1,3946,2026-08-08,2434
MALA INFLUENCIA,ATS,Estándar,Equos Power Transport,Mon Coeur,2 416 km,2 803 km,129 km/h,Real,0 $,0 $,54,5211,2026-08-08,2803
Roger.Diaz,ATS,Estándar,Brownsville Port,Global Mills,2 405 km,2 717 km,129 km/h,Real,7 976 $,0 $,0,4430,2026-08-08,2717
Mr_Gerzon,ATS,Estándar,Vortex,Avalanche Steel,6 106 km,6 462 km,129 km/h,Real,128 046 $,0 $,0,13944,2026-08-08,6462
ReyMisterio,ATS,Estándar,Wallbert,GARC,4 576 km,5 576 km,129 km/h,Real,56 645 $,0 $,0,12433,2026-08-08,5576
MrSebas,ATS,Estándar,Mon Coeur,AI Automotive,1 981 km,1 972 km,129 km/h,Real,82 886 $,0 $,0,3192,2026-08-08,1972
ReyMisterio,ATS,Estándar,NAMIQ,Petrolucent,1 381 km,1 508 km,130 km/h,Real,15 423 $,0 $,19,2555,2026-08-08,1508
Roger.Diaz,ATS,Estándar,Global Mills,Elimax,2 411 km,2 409 km,130 km/h,Real,7 994 $,0 $,0,3821,2026-08-08,2409
MALA INFLUENCIA,ATS,Estándar,Olthon Homes,Flavorfair,2 316 km,2 805 km,130 km/h,Real,94 341 $,0 $,6,4545,2026-08-08,2805
CRAZY_GAMER_16,ATS,Estándar,Fish Tail Food,Tera,4 047 km,4 686 km,130 km/h,Real,43 927 $,0 $,1,7275,2026-08-08,4686
BlGFOOT,ATS,Estándar,Wallbert,Wallbert,4 635 km,5 626 km,130 km/h,Real,600 $,0 $,0,8124,2026-08-08,5626
ReyMisterio,ATS,Estándar,Petrolucent,Houston Intercont. Airport,638 km,636 km,130 km/h,Real,27 345 $,0 $,4,1123,2026-08-08,636
Mr_Gerzon,ATS,Wotr,Equos Power Transport,Tidbit,3 850 km,4 022 km,107 km/h,Real,137 953 $,0 $,0,8739,2026-08-08,4022
DON ISMA,ATS,Estándar,terminales,terminales,427 km,393 km,100 km/h,Real,8 713 $,0 $,0,3671,2026-08-08,393
Brayan Gamer,ATS,Estándar,Rail Export,Chemso Ltd.,1 854 km,1 883 km,130 km/h,Real,0 $,0 $,58,3825,2026-08-08,1883
Mr_Gerzon,ETS2,Estándar,EuroGoodies,DomDepo,438 km,407 km,91 km/h,Real,17 171 €,0 €,0,2219,2026-08-08,407
ReyMisterio,ATS,Estándar,Peterbilt,Fish Tail Food,1 855 km,2 174 km,129 km/h,Real,3 226 $,0 $,1,3611,2026-08-09,2174
-Gio-,ATS,Estándar,Kenworth,Deepgrove,2 983 km,3 729 km,128 km/h,Real,82 682 $,0 $,6,6780,2026-08-09,3729
Mr_Gerzon,ETS2,Estándar,DomDepo,SellPlan,468 km,404 km,98 km/h,Real,18 346 €,0 €,0,1661,2026-08-09,404
andresnintendo,ATS,Estándar,bodegon,ecopetrol,710 km,640 km,98 km/h,Real,1 731 $,0 $,0,7020,2026-08-09,640
DON ISMA,ATS,Estándar,Rail Export,Creole Bay Port,4 750 km,4 874 km,130 km/h,Real,51 716 $,0 $,0,7427,2026-08-09,4874
MALA INFLUENCIA,ATS,Estándar,Flavorfair,Gallon Oil,3 009 km,3 310 km,129 km/h,Real,153 334 $,0 $,0,5331,2026-08-09,3310
Brayan Gamer,ATS,Estándar,Coastline Mining,Deepgrove,3 129 km,3 127 km,129 km/h,Real,3 601 $,0 $,8,5322,2026-08-09,3127
ZayCruz,ATS,Estándar,Bitumen,Central Civil Works,3 988 km,3 794 km,129 km/h,Real,8 098 $,0 $,23,8387,2026-08-09,3794
Jose Naukin,ATS,Estándar,HMS Machinery,Plaster & Sons,1 372 km,1 407 km,129 km/h,Real,100 460 711 $,20 160 $,0,2736,2026-08-09,1407
andresnintendo,ATS,Estándar,ecopetrol,42 Print,360 km,341 km,99 km/h,Real,1 655 $,0 $,0,3076,2026-08-09,341
Jose Naukin,ATS,Estándar,Plaster & Sons,Lonestar Forwarding,1 095 km,1 116 km,129 km/h,Real,100 349 622 $,11 620 $,1,2122,2026-08-09,1116
Guardian777,ATS,Estándar,Vortex,Sea Horizon,6 113 km,7 113 km,129 km/h,Real,5 054 $,0 $,11,11516,2026-08-09,7113
Brayan Gamer,ATS,Estándar,Deepgrove,Tidbit,3 158 km,3 157 km,129 km/h,Real,4 991 $,0 $,2,5431,2026-08-09,3157
Jose Naukin,ATS,Estándar,Lonestar Forwarding,American Lines,1 460 km,1 461 km,129 km/h,Real,100 550 317 $,4 580 $,2,2781,2026-08-09,1461
-Gio-,ATS,Estándar,Wallbert,Sea Horizon,3 509 km,3 493 km,130 km/h,Real,6 555 $,0 $,0,5512,2026-08-09,3493
MALA INFLUENCIA,ATS,Estándar,Bushnell Farms,Gallon Oil,1 968 km,2 459 km,129 km/h,Real,111 596 $,0 $,0,3932,2026-08-09,2459
profeta(CT),ATS,Estándar,Bushnell Farms,Gallon Oil,2 920 km,2 498 km,129 km/h,Real,83 768 $,0 $,1,3960,2026-08-09,2498
Guardian777,ATS,Estándar,SellGoods,Coastline Mining,1 570 km,1 741 km,129 km/h,Real,2 952 $,0 $,0,2656,2026-08-09,1741
DON ISMA,ATS,Estándar,SellGoods,Coastline Mining,1 570 km,1 767 km,130 km/h,Real,2 952 $,0 $,0,2700,2026-08-09,1767
andresnintendo,ATS,Estándar,HMS Machinery,Deepgrove,2 332 km,2 390 km,128 km/h,Real,0 $,0 $,54,4347,2026-08-09,2390
Old_picotto,ATS,Wotr,Avalanche Steel,Taylor Construction Group,3 075 km,3 099 km,112 km/h,Real,149 149 $,0 $,0,6566,2026-08-09,3099
CRISTHIAN 926,ATS,Estándar,Bushnell Farms,Coastline Mining,1 814 km,2 031 km,130 km/h,Real,30 513 $,0 $,0,3440,2026-08-09,2031
Jose Naukin,ATS,Estándar,yara,Sunshine Crops,255 km,233 km,126 km/h,Real,8 087 $,1 280 $,8,2255,2026-08-09,233
zaren_col,ATS,Estándar,Brownsville Port,Avalanche Steel,4 223 km,4 266 km,128 km/h,Real,101 033 $,0 $,9,7277,2026-08-09,4266
Guardian777,ATS,Estándar,Coastline Mining,Bitumen,2 101 km,2 324 km,130 km/h,Real,3 446 $,0 $,2,3495,2026-08-09,2324
Ayala.jav,ATS,Estándar,Starbridge,Haddock Shipyard,4 316 km,5 117 km,130 km/h,Real,224 730 $,0 $,2,9229,2026-08-09,5117
profeta(CT),ATS,Estándar,Tidbit,Bitumen,2 221 km,2 387 km,130 km/h,Real,24 335 $,0 $,0,3595,2026-08-09,2387
DON ISMA,ATS,Estándar,Tidbit,Bitumen,2 221 km,2 393 km,129 km/h,Real,24 335 $,0 $,0,3575,2026-08-09,2393
Brayan Gamer,ATS,Estándar,Tidbit,Deepgrove,3 220 km,3 228 km,129 km/h,Real,3 763 $,0 $,8,5142,2026-08-09,3228
MALA INFLUENCIA,ATS,Estándar,Tidbit,Bitumen,2 221 km,2 390 km,129 km/h,Real,24 335 $,0 $,0,3654,2026-08-09,2390
-Gio-,ATS,Estándar,Tidbit,Bitumen,2 221 km,2 435 km,129 km/h,Real,7 411 $,0 $,0,3763,2026-08-09,2435
Jose Naukin,ATS,Estándar,yara,Bushnell Farms,137 km,129 km,125 km/h,Real,7 109 $,5 000 $,0,1585,2026-08-09,129
CRISTHIAN 926,ATS,Estándar,Coastline Mining,Bitumen,2 101 km,2 272 km,130 km/h,Real,89 229 $,0 $,0,3588,2026-08-09,2272
zaren_col,ATS,Estándar,Avalanche Steel,42 Print,2 182 km,2 186 km,129 km/h,Real,56 130 $,0 $,7,3609,2026-08-09,2186
Guardian777,ATS,Estándar,Peterbilt,Coastline Mining,2 140 km,2 675 km,129 km/h,Real,2 845 $,0 $,6,4299,2026-08-09,2675
MALA INFLUENCIA,ATS,Estándar,Wallbert,Coastline Mining,2 141 km,2 676 km,129 km/h,Real,14 009 $,0 $,0,4225,2026-08-09,2676
CRISTHIAN 926,ATS,Estándar,Bitumen,Coastline Mining,2 064 km,2 285 km,130 km/h,Real,33 972 $,0 $,1,3743,2026-08-09,2285
-Gio-,ATS,Estándar,Wallbert,Coastline Mining,2 141 km,2 676 km,129 km/h,Real,13 056 $,0 $,11,4238,2026-08-09,2676
profeta(CT),ATS,Estándar,Wallbert,Coastline Mining,2 141 km,2 676 km,130 km/h,Real,3 882 $,0 $,0,4346,2026-08-09,2676
DON ISMA,ATS,Estándar,Wallbert,Coastline Mining,2 141 km,2 676 km,130 km/h,Real,13 119 $,0 $,1,4301,2026-08-09,2676
Guardian777,ATS,Estándar,Kenworth,Deepgrove,2 983 km,3 716 km,130 km/h,Real,4 570 $,0 $,3,5964,2026-08-09,3716
-Gio-,ATS,Estándar,Kenworth,Deepgrove,2 928 km,3 660 km,130 km/h,Real,8 333 $,0 $,3,5983,2026-08-09,3660
CRISTHIAN 926,ATS,Estándar,Kenworth,Deepgrove,2 983 km,3 729 km,130 km/h,Real,50 921 $,0 $,0,6378,2026-08-09,3729
MALA INFLUENCIA,ATS,Estándar,Kenworth,Deepgrove,2 983 km,3 729 km,129 km/h,Real,8 487 $,0 $,3,6137,2026-08-09,3729
DON ISMA,ATS,Estándar,Kenworth,Deepgrove,3 632 km,3 731 km,130 km/h,Real,11 155 $,0 $,1,6109,2026-08-09,3731
profeta(CT),ATS,Estándar,Kenworth,Deepgrove,2 983 km,3 727 km,130 km/h,Real,4 603 $,0 $,3,6060,2026-08-09,3727
zaren_col,ATS,Estándar,Kenworth,Deepgrove,3 688 km,3 738 km,130 km/h,Real,56 595 $,0 $,0,6286,2026-08-09,3738
Ayala.jav,ATS,Estándar,Haddock Shipyard,Starbridge,4 305 km,4 714 km,129 km/h,Real,87 589 $,0 $,16,8573,2026-08-09,4714
ReyMisterio,ATS,Estándar,Avalanche Steel,Tidbit,4 217 km,4 031 km,129 km/h,Real,140 018 $,0 $,9,6479,2026-08-09,4031
Ayala.jav,ATS,Estándar,Starbridge,Bushnell Farms,1 227 km,1 223 km,129 km/h,Real,20 024 $,0 $,1,2242,2026-08-09,1223
ZayCruz,ATS,Estándar,soc_tuc1,soc_tuc1,644 km,644 km,90 km/h,Real,53 636 $,0 $,0,2441,2026-08-09,644
El puma (CT),ATS,Estándar,Rock Port,Sea Horizon,5 058 km,6 038 km,130 km/h,Real,0 $,0 $,78,9663,2026-08-09,6038
andres guerra,ATS,Estándar,Bitumen,Bitumen,2 331 km,2 344 km,125 km/h,Real,7 605 $,16 900 $,4,5971,2026-08-09,2344
-Gio-,ATS,Estándar,Kenworth,NAMIQ,3 846 km,4 808 km,128 km/h,Real,12 666 $,0 $,0,8722,2026-08-09,4808
andresnintendo,ATS,Estándar,Haddock Shipyard,Haddock Shipyard,3 631 km,3 959 km,130 km/h,Real,149 171 $,0 $,1,7447,2026-08-09,3959
MALA INFLUENCIA,ATS,Estándar,Deepgrove,Taylor Construction Group,4 157 km,4 762 km,129 km/h,Real,42 256 $,0 $,2,7344,2026-08-09,4762
Jose Naukin,ATS,Estándar,American Lines,Vortex,2 034 km,2 032 km,128 km/h,Real,100 697 456 $,4 400 $,0,3667,2026-08-09,2032
MALA INFLUENCIA,ATS,Estándar,Taylor Construction Group,Dr. Hammer,2 069 km,2 177 km,129 km/h,Real,35 650 $,0 $,0,3359,2026-08-09,2177
BlGFOOT,ATS,Estándar,Wallbert,Wallbert,4 643 km,5 643 km,130 km/h,Real,600 $,0 $,0,8828,2026-08-09,5643
MALA INFLUENCIA,ATS,Estándar,Dr. Hammer,Peterbilt,2 788 km,3 122 km,129 km/h,Real,18 460 $,0 $,0,5084,2026-08-09,3122
CRAZY_GAMER_16,ATS,Estándar,huevos_oro,Home Store,168 km,173 km,98 km/h,Real,923 $,0 $,1,1960,2026-08-09,173
profeta(CT),ATS,Estándar,Wallbert,Home Store,2 092 km,2 091 km,130 km/h,Real,3 737 $,0 $,2,3217,2026-08-09,2091
BlGFOOT,ATS,Estándar,Wallbert,Wallbert,4 635 km,4 634 km,130 km/h,Real,600 $,0 $,0,6713,2026-08-09,4634
Jose Naukin,ATS,Estándar,Venture,Home Store,987 km,1 122 km,126 km/h,Real,37 124 $,9 220 $,1,4274,2026-08-10,1122
Jose Naukin,ATS,Estándar,Vortex,American Lines,2 295 km,2 559 km,129 km/h,Real,100 843 248 $,10 100 $,1,5030,2026-08-10,2559
profeta(CT),ATS,Estándar,Lonestar Forwarding,Plaster & Sons,3 739 km,3 749 km,130 km/h,Real,0 $,0 $,34,6458,2026-08-10,3749
Old_picotto,ATS,Wotr,MWM,Page & Price Paper,3 249 km,3 245 km,112 km/h,Real,71 259 $,0 $,0,6820,2026-08-10,3245
Jose Naukin,ATS,Estándar,Port of SF,18 Wheels,194 km,222 km,129 km/h,Real,3 596 $,1 400 $,0,783,2026-08-10,222
-Gio-,ATS,Estándar,NAMIQ,Charged,4 473 km,5 351 km,129 km/h,Real,84 409 $,0 $,7,9568,2026-08-10,5351
Mr_Gerzon,ATS,Estándar,Venture,Gallon Oil,2 307 km,2 315 km,129 km/h,Real,77 731 $,0 $,2,4414,2026-08-10,2315
MALA INFLUENCIA,ATS,Estándar,Kenworth,Coastline Mining,2 205 km,2 204 km,129 km/h,Real,14 411 $,0 $,0,3515,2026-08-10,2204
andresnintendo,ATS,Estándar,big_cola,Norrfood,416 km,418 km,109 km/h,Real,1 771 $,0 $,0,4653,2026-08-10,418
Mr_Gerzon,ATS,Estándar,Gallon Oil,Coastline Mining,931 km,939 km,129 km/h,Real,0 $,0 $,31,2493,2026-08-10,939
Guardian777,ATS,Estándar,Deepgrove,Wallbert,3 015 km,3 712 km,130 km/h,Real,2 802 $,0 $,11,6020,2026-08-10,3712
Brayan Gamer,ATS,Estándar,Deepgrove,Tidbit,3 158 km,3 100 km,130 km/h,Real,3 877 $,0 $,7,5127,2026-08-10,3100
Brayan Gamer,ATS,Estándar,Enterpriser,AI Automotive,226 km,224 km,129 km/h,Real,914 $,0 $,0,366,2026-08-10,224
CRISTHIAN 926,ATS,Estándar,Sunshine Crops,AI Automotive,2 041 km,2 044 km,130 km/h,Real,32 104 $,0 $,0,3215,2026-08-10,2044
Brayan Gamer,ATS,Estándar,Peterbilt,AI Automotive,83 km,83 km,129 km/h,Real,714 $,0 $,0,209,2026-08-10,83
El puma (CT),ATS,Estándar,Wallbert,AI Automotive,1 138 km,1 423 km,130 km/h,Real,19 160 $,0 $,0,2773,2026-08-10,1423
DON ISMA,ATS,Estándar,Tidbit,AI Automotive,2 222 km,2 778 km,129 km/h,Real,24 031 $,0 $,1,4413,2026-08-10,2778
-Gio-,ATS,Estándar,Tidbit,AI Automotive,2 223 km,2 778 km,129 km/h,Real,25 096 $,0 $,0,4463,2026-08-10,2778
MALA INFLUENCIA,ATS,Estándar,Tidbit,AI Automotive,2 223 km,2 778 km,130 km/h,Real,25 096 $,0 $,0,4476,2026-08-10,2778
Mr_Gerzon,ATS,Estándar,Coastline Mining,42 Print,2 229 km,2 233 km,129 km/h,Real,145 904 $,0 $,0,4082,2026-08-10,2233
Ayala.jav,ATS,Estándar,Bushnell Farms,Central Civil Works,3 242 km,3 586 km,128 km/h,Real,37 854 $,0 $,8,6940,2026-08-10,3586
Guardian777,ATS,Estándar,Bushnell Farms,42 Print,1 399 km,1 683 km,130 km/h,Real,2 112 $,0 $,5,3425,2026-08-10,1683
Guardian777,ATS,Estándar,Tidbit,SellGoods,1 426 km,1 636 km,129 km/h,Real,2 062 $,0 $,5,2746,2026-08-10,1636
MALA INFLUENCIA,ATS,Estándar,AI Automotive,Mary's Cotton,2 703 km,2 693 km,130 km/h,Real,59 691 $,0 $,0,4208,2026-08-10,2693
Guardian777,ATS,Estándar,Apade,SellGoods,792 km,796 km,129 km/h,Real,1 364 $,0 $,5,1748,2026-08-10,796
Yenny,ATS,Estándar,Peterbilt,SellGoods,1 282 km,1 276 km,127 km/h,Real,60 176 $,12 000 $,3,2709,2026-08-10,1276
Ayala.jav,ATS,Estándar,Peterbilt,42 Print,3 037 km,3 040 km,129 km/h,Real,49 755 $,0 $,1,5628,2026-08-10,3040
CRAZY_GAMER_16,ATS,Estándar,Steeler,MWM,4 547 km,5 016 km,130 km/h,Real,44 405 $,0 $,2,8965,2026-08-10,5016
El puma (CT),ATS,Estándar,Rock Port,Sea Horizon,5 059 km,6 059 km,130 km/h,Real,97 334 $,0 $,0,9651,2026-08-10,6059
MALA INFLUENCIA,ATS,Estándar,Kenworth,Coastline Mining,2 524 km,2 529 km,130 km/h,Real,32 220 $,0 $,0,3848,2026-08-10,2529
CRAZY_GAMER_16,ATS,Estándar,terminales,terminales,198 km,198 km,101 km/h,Real,2 895 $,0 $,4,1719,2026-08-10,198
Mr_Gerzon,ATS,Estándar,Faraday,Buildmaster Manufacturing Co.,732 km,915 km,128 km/h,Real,11 142 $,0 $,0,1729,2026-08-10,915
BlGFOOT,ATS,Estándar,Wallbert,Wallbert,4 643 km,5 643 km,126 km/h,Real,600 $,0 $,0,8487,2026-08-10,5643
Ing.Juancho,ATS,Estándar,SellGoods,SellGoods,4 370 km,4 532 km,129 km/h,Real,173 744 $,0 $,0,11008,2026-08-10,4532
ReyMisterio,ATS,Estándar,Global Mills,Rail Export,4 848 km,5 848 km,129 km/h,Real,155 083 $,0 $,0,9191,2026-08-10,5848
BlGFOOT,ATS,Estándar,Wallbert,Wallbert,4 635 km,5 635 km,130 km/h,Real,515 $,0 $,0,8340,2026-08-10,5635
DON ISMA,ATS,Estándar,pda_bus,terminales,424 km,366 km,100 km/h,Real,9 299 $,0 $,0,2795,2026-08-10,366
BlGFOOT,ATS,Estándar,Wallbert,Wallbert,4 643 km,4 656 km,129 km/h,Real,600 $,0 $,0,6664,2026-08-11,4656
ReyMisterio,ATS,Estándar,Wallbert,Fish Tail Food,5 086 km,6 086 km,129 km/h,Real,7 339 $,0 $,0,9828,2026-08-11,6086
Mr_Gerzon,ATS,Estándar,Kenworth,Coastline Mining,2 477 km,2 488 km,129 km/h,Real,76 161 $,0 $,7,4346,2026-08-11,2488
CT/Cristian,ATS,Estándar,Apade,Home Store,1 892 km,2 045 km,130 km/h,Real,26 348 $,0 $,1,4020,2026-08-11,2045
Jose Naukin,ATS,Estándar,Farmer's Barn,Gallon Oil,2 km,3 km,63 km/h,Real,12 297 $,0 $,0,167,2026-08-11,3
Jose Naukin,ATS,Estándar,Farmer's Barn,du_farm1,87 km,42 km,76 km/h,Real,4 706 498 $,2 060 $,0,517,2026-08-11,42
Jose Naukin,ATS,Estándar,Steeler,Plaster & Sons,66 km,38 km,86 km/h,Real,100 034 216 $,260 $,0,591,2026-08-11,38
Mr_Gerzon,ATS,Estándar,Coastline Mining,Alis Cars,2 487 km,2 498 km,129 km/h,Real,111 526 $,0 $,0,4461,2026-08-11,2498
ZayCruz,ATS,Estándar,Syntetico,Steeler,5 540 km,5 527 km,130 km/h,Real,0 $,0 $,51,11889,2026-08-11,5527
Mr_Gerzon,ATS,Estándar,Grand Pastures,GARC,436 km,442 km,126 km/h,Real,17 534 $,0 $,0,880,2026-08-11,442
Jose Naukin,ATS,Estándar,Avalanche Steel,WDS,951 km,1 118 km,115 km/h,Real,10 831 $,9 620 $,0,2921,2026-08-11,1118
Mr_Gerzon,ATS,Estándar,Chicago International Airport,Mary's Cotton,1 564 km,1 558 km,127 km/h,Real,94 406 $,0 $,0,2620,2026-08-11,1558
DON ISMA,ATS,Estándar,Apade,Mary's Cotton,4 270 km,4 283 km,130 km/h,Real,14 296 $,0 $,0,6412,2026-08-11,4283
Brayan Gamer,ATS,Estándar,Olthon Homes,Farmer's Barn,1 847 km,1 845 km,130 km/h,Real,2 248 874 $,0 $,0,3535,2026-08-11,1845
Jose Naukin,ATS,Estándar,WDS,Venture,1 306 km,1 309 km,129 km/h,Real,48 507 $,2 300 $,4,2230,2026-08-11,1309
Camilo Gang,ATS,Estándar,Plaster & Sons,Global Mills,2 641 km,2 992 km,130 km/h,Real,3 184 $,0 $,15,5453,2026-08-11,2992
Ayala.jav,ATS,Estándar,42 Print,Haddock Shipyard,3 058 km,3 064 km,130 km/h,Real,177 027 $,0 $,0,5743,2026-08-11,3064
CRISTHIAN 926,ATS,Estándar,AI Automotive,Haddock Shipyard,4 004 km,4 166 km,130 km/h,Real,34 644 $,0 $,0,7128,2026-08-11,4166
Guardian777,ATS,Estándar,Farmer's Barn,Coastline Mining,2 013 km,2 119 km,129 km/h,Real,2 724 $,0 $,6,3510,2026-08-11,2119
Jose Naukin,ATS,Estándar,Ultimus,Chicago International Airport,1 km,2 km,65 km/h,Real,5 304 $,0 $,0,66,2026-08-11,2
Jose Naukin,ATS,Estándar,X-Tech Machinery,Rock Port,276 km,3 km,98 km/h,Real,2 288 468 $,0 $,0,92,2026-08-11,3
Mr_Gerzon,ATS,Estándar,Mary's Cotton,HMS Machinery,2 617 km,2 738 km,127 km/h,Real,104 263 $,0 $,4,4877,2026-08-11,2738
Brayan Gamer,ATS,Estándar,Farmer's Barn,Page & Price Paper,1 990 km,1 993 km,130 km/h,Real,6 267 145 $,0 $,0,3429,2026-08-11,1993
CRISTHIAN 926,ATS,Estándar,Haddock Shipyard,Aqua Vista,1 854 km,1 855 km,130 km/h,Real,29 233 $,0 $,0,3114,2026-08-11,1855
Mr_Gerzon,ATS,Estándar,HMS Machinery,NAMIQ,3 266 km,3 303 km,128 km/h,Real,145 977 $,0 $,4,6074,2026-08-11,3303
CRISTHIAN 926,ATS,Estándar,Aqua Vista,AI Automotive,2 340 km,2 357 km,130 km/h,Real,36 737 $,0 $,0,4180,2026-08-11,2357
Mr_Gerzon,ATS,Estándar,Flavorfair,Tidbit,3 075 km,3 072 km,128 km/h,Real,128 602 $,0 $,0,5566,2026-08-11,3072
zaren_col,ATS,Estándar,Deepgrove,42 Print,2 140 km,2 085 km,129 km/h,Real,62 855 $,0 $,0,3462,2026-08-11,2085
andresnintendo,ATS,Estándar,big_cola,Bitumen,297 km,279 km,92 km/h,Real,905 $,0 $,0,4636,2026-08-11,279
CT/Cristian,ATS,Estándar,Wallbert,SellGoods,1 981 km,2 303 km,129 km/h,Real,0 $,0 $,34,4690,2026-08-11,2303
Mr_Gerzon,ATS,Wotr,Tidbit,GARC,3 538 km,3 588 km,107 km/h,Real,94 854 $,0 $,0,7350,2026-08-11,3588
Mr_Gerzon,ATS,Estándar,GARC,GARC,434 km,519 km,128 km/h,Real,18 255 $,0 $,0,1267,2026-08-11,519
Mr_Gerzon,ATS,Estándar,Rock Port,Apade,1 553 km,1 557 km,129 km/h,Real,98 067 $,0 $,0,2851,2026-08-11,1557
ZayCruz,ATS,Estándar,Drake Cars,Angel City Airport,3 246 km,3 235 km,130 km/h,Real,0 $,0 $,28,7132,2026-08-12,3235
MALA INFLUENCIA,ATS,Estándar,Plaster & Sons,Epro Gas,2 506 km,2 533 km,129 km/h,Real,21 061 $,0 $,12,4470,2026-08-12,2533
Guardian777,ATS,Estándar,Vortex,Sea Horizon,6 113 km,7 113 km,130 km/h,Real,0 $,0 $,100,12468,2026-08-12,7113
Mr_Gerzon,ETS2,Estándar,SellPlan,Sanbuilders,440 km,412 km,100 km/h,Real,17 285 €,0 €,0,1253,2026-08-12,412
CRISTHIAN 926,ATS,Estándar,AI Automotive,Aron,1 974 km,1 975 km,130 km/h,Real,23 934 $,0 $,5,3646,2026-08-12,1975
Jose Naukin,ATS,Estándar,Taylor Construction Group,X-Tech Machinery,2 220 km,2 379 km,128 km/h,Real,101 178 765 $,10 700 $,32,4679,2026-08-12,2379
CRISTHIAN 926,ATS,Estándar,Enterpriser,Deepgrove,1 446 km,1 449 km,129 km/h,Real,4 936 $,0 $,0,2856,2026-08-12,1449
Ayala.jav,ATS,Estándar,42 Print,Deepgrove,2 138 km,2 138 km,129 km/h,Real,26 690 $,0 $,1,4096,2026-08-12,2138
Guardian777,ATS,Estándar,Enterpriser,Deepgrove,1 446 km,1 447 km,129 km/h,Real,2 609 $,0 $,1,2933,2026-08-12,1447
Undertaker03,ATS,Estándar,Coastline Mining,Bushnell Farms,1 897 km,2 071 km,130 km/h,Real,17 113 $,0 $,1,3469,2026-08-12,2071
Mr_Gerzon,ATS,Estándar,Coastline Mining,Bushnell Farms,1 897 km,2 063 km,127 km/h,Real,18 514 $,0 $,0,3457,2026-08-12,2063
Brayan Gamer,ATS,Estándar,Tidbit,WDS,1 226 km,1 317 km,130 km/h,Real,2 829 647 $,0 $,0,2507,2026-08-12,1317
Undertaker03,ETS2,Estándar,Ika Bohag,EuroGoodies,472 km,417 km,81 km/h,Real,20 610 €,0 €,0,1737,2026-08-12,417
Mr_Gerzon,ETS2,Estándar,Ika Bohag,EuroGoodies,472 km,416 km,95 km/h,Real,15 199 €,0 €,2,1741,2026-08-12,416
Brayan Gamer,ATS,Estándar,Farmer's Barn,Farmer's Barn,1 208 km,1 125 km,130 km/h,Real,2 307 577 $,0 $,0,2527,2026-08-12,1125
Mr_Gerzon,ETS2,Estándar,NS Oil,MS Stein,68 km,68 km,76 km/h,Real,3 129 €,0 €,0,827,2026-08-12,68
Brayan Gamer,ATS,Estándar,Coastline Mining,Coastline Mining,939 km,824 km,130 km/h,Real,4 075 672 $,0 $,1,1770,2026-08-12,824
Mr_Gerzon,ETS2,Estándar,Trameri,Trameri,461 km,576 km,97 km/h,Real,18 187 €,0 €,0,1742,2026-08-12,576
CRISTHIAN 926,ATS,Estándar,Deepgrove,Aqua Vista,3 722 km,4 042 km,130 km/h,Real,38 168 $,0 $,19,7081,2026-08-12,4042
Ayala.jav,ATS,Estándar,Starbridge,Central Civil Works,3 425 km,3 346 km,129 km/h,Real,59 939 $,0 $,0,6228,2026-08-12,3346
Mr_Gerzon,ETS2,Estándar,Trameri,DomDepo,728 km,910 km,99 km/h,Real,29 149 €,0 €,0,3658,2026-08-12,910
Camilo Gang,ATS,Estándar,Enterpriser,Lonestar Forwarding,1 893 km,1 909 km,130 km/h,Real,14 720 $,0 $,11,3237,2026-08-12,1909
Ing.Juancho,ATS,Estándar,Bushnell Farms,X-Tech Machinery,2 374 km,2 391 km,130 km/h,Real,133 053 $,0 $,0,4554,2026-08-12,2391
Old_picotto,ATS,Wotr,Lumen auto,Alis Cars,2 430 km,2 586 km,123 km/h,Real,151 240 $,0 $,0,5777,2026-08-12,2586
zaren_col,ATS,Estándar,42 Print,Chuck & Jack's,2 017 km,2 018 km,130 km/h,Real,59 276 $,0 $,0,3204,2026-08-12,2018
CT/Cristian,ATS,Estándar,Beaumont Freight Terminal,Starbridge,3 960 km,4 106 km,130 km/h,Real,10 936 $,0 $,13,7224,2026-08-12,4106
Mr_Gerzon,ATS,Estándar,Plaster & Sons,Plaster & Sons,2 950 km,3 018 km,129 km/h,Real,94 149 $,0 $,2,5529,2026-08-12,3018
Mr_Gerzon,ATS,Estándar,Plaster & Sons,Page & Price Paper,435 km,544 km,127 km/h,Real,5 956 $,0 $,0,2118,2026-08-12,544
Mr_Gerzon,ATS,Estándar,Page & Price Paper,Global Mills,672 km,839 km,127 km/h,Real,2 565 $,0 $,0,2219,2026-08-12,839
duvanpamplona88,ATS,Estándar,agrocol,bodegon,51 km,52 km,85 km/h,Real,641 $,0 $,0,907,2026-08-12,52
MALA INFLUENCIA,ATS,Estándar,Sunshine Crops,ara,429 km,477 km,130 km/h,Real,0 $,0 $,77,3420,2026-08-12,477
Mr_Gerzon,ATS,Estándar,Global Mills,Venture,3 012 km,3 454 km,127 km/h,Real,125 173 $,0 $,1,7076,2026-08-12,3454
MALA INFLUENCIA,ATS,Estándar,Agrominta UAB,ara,183 km,174 km,129 km/h,Real,2 242 $,0 $,4,1692,2026-08-12,174
Undertaker03,ETS2,Estándar,Byggpro,Norse Rail,465 km,425 km,84 km/h,Real,5 583 €,0 €,1,1813,2026-08-13,425
Mr_Gerzon,ETS2,Estándar,Byggpro,Norse Rail,465 km,427 km,85 km/h,Real,6 363 €,400 €,0,1871,2026-08-13,427
Mr_Gerzon,ETS2,Estándar,Norse Rail,GNT,351 km,351 km,83 km/h,Real,10 047 €,400 €,0,1520,2026-08-13,351
Undertaker03,ETS2,Estándar,Norse Rail,GNT,351 km,351 km,87 km/h,Real,9 361 €,0 €,0,1536,2026-08-13,351
Undertaker03,ETS2,Estándar,GNT,Bjork,454 km,433 km,83 km/h,Real,49 630 €,0 €,0,2447,2026-08-13,433
Brayan Gamer,ATS,Estándar,Eddy's,WDS,1 204 km,1 071 km,129 km/h,Real,4 221 604 $,0 $,0,2359,2026-08-13,1071
Mr_Gerzon,ETS2,Estándar,GNT,Bjork,454 km,435 km,85 km/h,Real,52 279 €,0 €,0,2486,2026-08-13,435
ZayCruz,ATS,Estándar,Wallbert,Enterpriser,2 927 km,3 577 km,129 km/h,Real,0 $,0 $,31,8026,2026-08-13,3577
Brayan Gamer,ATS,Estándar,WDS,Coastline Mining,1 049 km,1 005 km,129 km/h,Real,7 215 956 $,0 $,5,2288,2026-08-13,1005
Ayala.jav,ATS,Estándar,Central Civil Works,Deepgrove,3 411 km,3 535 km,129 km/h,Real,57 038 $,0 $,1,6788,2026-08-13,3535
MALA INFLUENCIA,ATS,Estándar,Wallbert,US Beverages & Bottling,4 207 km,4 156 km,129 km/h,Real,136 489 $,0 $,1,6280,2026-08-13,4156
DON ISMA,ATS,Estándar,Wallbert,US Beverages & Bottling,4 172 km,4 260 km,129 km/h,Real,205 536 $,0 $,0,6555,2026-08-13,4260
Brayan Gamer,ATS,Estándar,Plaster & Sons,Plaster & Sons,970 km,852 km,130 km/h,Real,6 358 609 $,0 $,2,2458,2026-08-13,852
CRISTHIAN 926,ATS,Estándar,Starbridge,42 Print,2 034 km,2 034 km,130 km/h,Real,28 935 $,0 $,2,3013,2026-08-13,2034
Brayan Gamer,ATS,Estándar,Plaster & Sons,Sunshine Crops,595 km,508 km,133 km/h,Carrera,3 493 500 $,0 $,3,1076,2026-08-13,508
andresnintendo,ATS,Estándar,ecopetrol,texaco,463 km,461 km,103 km/h,Real,1 382 $,0 $,0,6290,2026-08-13,461
Ayala.jav,ATS,Estándar,Starbridge,42 Print,2 073 km,2 066 km,129 km/h,Real,33 942 $,0 $,1,3505,2026-08-13,2066
CRISTHIAN 926,ATS,Estándar,42 Print,WP,2 669 km,2 791 km,130 km/h,Real,32 981 $,0 $,5,4512,2026-08-13,2791
Mr_Gerzon,ETS2,Estándar,NS Oil,ITCC,294 km,288 km,81 km/h,Real,177 €,0 €,0,1436,2026-08-13,288
Camilo Gang,ATS,Estándar,Deepgrove,Coastline Mining,2 102 km,2 102 km,130 km/h,Real,6 757 $,0 $,1,3882,2026-08-13,2102
Camilo Gang,ATS,Estándar,Kenworth,Gallon Oil,745 km,744 km,130 km/h,Real,12 630 $,0 $,0,1364,2026-08-13,744
Old_picotto,ATS,Wotr,Alis Cars,Lumen auto,2 500 km,2 498 km,110 km/h,Real,90 060 $,0 $,0,5657,2026-08-13,2498
andresnintendo,ATS,Estándar,big_cola,Steeler,398 km,368 km,98 km/h,Real,2 988 $,0 $,0,4758,2026-08-13,368
MALA INFLUENCIA,ATS,Estándar,Avalanche Steel,Haddock Shipyard,4 974 km,5 974 km,130 km/h,Real,62 743 $,0 $,0,9262,2026-08-13,5974
duvanpamplona88,ATS,Estándar,Peterbilt,Eddy's,2 095 km,2 090 km,130 km/h,Real,25 069 $,0 $,9,3688,2026-08-13,2090
CT/Cristian,ATS,Estándar,Wallbert,Wallbert,2 012 km,2 010 km,130 km/h,Real,29 516 $,0 $,1,3680,2026-08-13,2010
Undertaker03,ATS,Estándar,Drake Cars,Deepgrove,2 849 km,2 902 km,129 km/h,Real,38 819 $,0 $,16,5779,2026-08-13,2902
Mr_Gerzon,ATS,Estándar,Drake Cars,Deepgrove,2 849 km,2 895 km,129 km/h,Real,95 904 $,0 $,4,5898,2026-08-13,2895
duvanpamplona88,ATS,Estándar,Eddy's,AI Automotive,2 369 km,2 375 km,129 km/h,Real,4 232 $,0 $,0,3827,2026-08-13,2375
Undertaker03,ATS,Estándar,Deepgrove,Aron,2 224 km,2 352 km,129 km/h,Real,75 395 $,0 $,3,4315,2026-08-13,2352
Old_picotto,ATS,Wotr,Coastline Mining,Enterpriser,2 134 km,2 151 km,110 km/h,Real,56 294 $,0 $,0,4804,2026-08-13,2151
Mr_Gerzon,ETS2,Estándar,WGCC,Polaris Lines,1 316 km,234 km,90 km/h,Real,207 €,0 €,0,1208,2026-08-14,234
MALA INFLUENCIA,ATS,Estándar,Wallbert,Deepgrove,4 062 km,4 706 km,130 km/h,Real,191 911 $,0 $,6,7470,2026-08-14,4706
Undertaker03,ATS,Estándar,Pickit,Deepgrove,2 314 km,2 333 km,128 km/h,Real,39 755 $,0 $,0,4032,2026-08-14,2333
ZayCruz,ATS,Estándar,Johnson and Smith,Western Star,3 909 km,3 950 km,129 km/h,Real,0 $,0 $,33,9100,2026-08-14,3950
CT/Cristian,ATS,Estándar,Pickit,Deepgrove,2 314 km,2 340 km,127 km/h,Real,39 755 $,0 $,0,4055,2026-08-14,2340
profeta(CT),ATS,Estándar,Venture,Deepgrove,1 845 km,1 845 km,128 km/h,Real,106 338 $,0 $,0,3134,2026-08-14,1845
DON ISMA,ATS,Estándar,Wallbert,Deepgrove,4 681 km,4 696 km,129 km/h,Real,273 597 $,0 $,2,7533,2026-08-14,4696
Brayan Gamer,ATS,Estándar,Tidbit,Rail Export,1 345 km,1 344 km,130 km/h,Real,3 924 793 $,0 $,0,2197,2026-08-14,1344
Ayala.jav,ATS,Estándar,Enterpriser,Creole Bay Port,2 972 km,2 970 km,129 km/h,Real,134 322 $,0 $,5,5332,2026-08-14,2970
CT/Cristian,ATS,Estándar,Deepgrove,Deepgrove,2 451 km,2 445 km,129 km/h,Real,42 074 $,0 $,0,4338,2026-08-14,2445
ZayCruz,ATS,Estándar,Deepgrove,Deepgrove,2 451 km,2 457 km,130 km/h,Real,42 074 $,0 $,0,4502,2026-08-14,2457
Brayan Gamer,ATS,Estándar,Rail Export,Page & Price Paper,1 641 km,1 641 km,131 km/h,Carrera,2 402 931 $,0 $,0,2862,2026-08-14,1641
Guardian777,ATS,Estándar,Home Store,Deep Wells,2 535 km,2 533 km,129 km/h,Real,0 $,0 $,40,4227,2026-08-14,2533
duvanpamplona88,ATS,Estándar,AI Automotive,Charged,2 666 km,2 694 km,129 km/h,Real,9 599 $,0 $,10,4441,2026-08-14,2694
Brayan Gamer,ATS,Estándar,Deepgrove,Bloomscape,1 797 km,1 795 km,129 km/h,Real,6 821 416 $,0 $,0,2927,2026-08-14,1795
CRISTHIAN 926,ATS,Estándar,American Lines,Caliber Motors,2 807 km,2 762 km,130 km/h,Real,0 $,0 $,32,4395,2026-08-14,2762
Ayala.jav,ATS,Estándar,Nielsen Roads,Bitumen,3 337 km,3 332 km,129 km/h,Real,193 128 $,0 $,0,5947,2026-08-14,3332
CRISTHIAN 926,ATS,Estándar,Caliber Motors,Chemso Ltd.,2 885 km,2 888 km,130 km/h,Real,46 151 $,0 $,0,4593,2026-08-14,2888
Camilo Gang,ATS,Estándar,Lumen auto,Coastline Mining,2 025 km,2 029 km,130 km/h,Real,103 204 $,0 $,3,3429,2026-08-14,2029
Camilo Gang,ATS,Estándar,Coastline Mining,Apade,1 023 km,1 010 km,130 km/h,Real,29 912 $,0 $,9,2160,2026-08-14,1010
Camilo Gang,ATS,Estándar,Apade,Bushnell Farms,202 km,202 km,129 km/h,Real,2 522 $,0 $,0,437,2026-08-14,202
zaren_col,ATS,Estándar,Chuck & Jack's,42 Print,2 034 km,2 046 km,129 km/h,Real,69 767 $,0 $,2,3326,2026-08-14,2046
MALA INFLUENCIA,ATS,Estándar,ara,bodegon,271 km,246 km,130 km/h,Real,6 559 $,0 $,0,1900,2026-08-14,246
Old_picotto,ATS,Wotr,Enterpriser,Global Mills,2 159 km,2 169 km,122 km/h,Real,71 596 $,0 $,0,4779,2026-08-14,2169
MALA INFLUENCIA,ATS,Estándar,Deepgrove,Bitumen,417 km,433 km,129 km/h,Real,9 587 $,0 $,13,1092,2026-08-14,433
MALA INFLUENCIA,ATS,Estándar,Shop Town,Mary's Cotton,186 km,212 km,129 km/h,Real,3 448 $,0 $,0,550,2026-08-14,212
duvanpamplona88,ATS,Estándar,Kenworth,AI Automotive,2 670 km,2 669 km,129 km/h,Real,46 860 $,0 $,0,4301,2026-08-14,2669
CRAZY_GAMER_16,ATS,Estándar,ingenio_sc,Wilnet Transport,205 km,213 km,92 km/h,Real,1 071 $,0 $,0,2840,2026-08-14,213
Mr_Gerzon,ETS2,Estándar,Baltomorsk,Agrominta UAB,159 km,160 km,84 km/h,Real,10 894 €,0 €,0,735,2026-08-14,160
DON ISMA,ATS,Estándar,terminales,terminales,395 km,371 km,130 km/h,Real,7 530 $,0 $,0,2540,2026-08-14,371
DON ISMA,ATS,Estándar,terminales,terminales,237 km,163 km,128 km/h,Real,5 430 $,0 $,0,973,2026-08-14,163
Jose Naukin,ATS,Estándar,X-Tech Machinery,Taylor Construction Group,632 km,790 km,128 km/h,Real,100 484 913 $,9 340 $,0,3054,2026-08-15,790
CRAZY_GAMER_16,ATS,Estándar,terminales,terminales,316 km,294 km,91 km/h,Real,0 $,0 $,24,2979,2026-08-15,294
Mr_Gerzon,ETS2,Estándar,Agrominta UAB,Kaarfor,1 665 km,1 661 km,95 km/h,Real,112 505 €,0 €,0,5326,2026-08-15,1661
DON ISMA,ATS,Estándar,Wallbert,MWM,4 674 km,4 849 km,130 km/h,Real,15 591 $,0 $,0,7430,2026-08-15,4849
profeta(CT),ATS,Estándar,Peterbilt,Bushnell Farms,64 km,66 km,128 km/h,Real,3 805 $,0 $,0,372,2026-08-15,66
Mr_Gerzon,ETS2,Estándar,Kaarfor,Agrominta UAB,1 643 km,1 726 km,97 km/h,Real,116 541 €,0 €,0,5794,2026-08-15,1726
CRAZY_GAMER_16,ATS,Estándar,Taylor Construction Group,Sea Horizon,4 808 km,5 808 km,141 km/h,Carrera,44 673 $,0 $,5,9861,2026-08-15,5808
ZayCruz,ATS,Estándar,Starbridge,Rock Port,4 565 km,4 468 km,129 km/h,Real,100 102 $,0 $,9,9492,2026-08-15,4468
Jose Naukin,ATS,Estándar,Taylor Construction Group,Faraday,765 km,956 km,150 km/h,Carrera,100 343 454 $,7 560 $,12,2241,2026-08-15,956
ZayCruz,ATS,Estándar,terminales,terminales,491 km,386 km,99 km/h,Real,10 587 $,15 580 $,0,3996,2026-08-15,386
ZayCruz,ATS,Estándar,bodegon,ara,332 km,302 km,99 km/h,Real,816 $,8 660 $,0,2590,2026-08-15,302
Old_picotto,ATS,Wotr,Global Mills,Elimax,2 063 km,2 065 km,118 km/h,Real,75 791 $,0 $,0,4509,2026-08-15,2065
Mr_Gerzon,ETS2,Estándar,LkwLog GmbH,EuroGoodies,657 km,728 km,96 km/h,Real,27 639 €,0 €,0,3534,2026-08-15,728
Mr_Gerzon,ETS2,Estándar,EuroGoodies,EuroAcres,1 076 km,1 279 km,98 km/h,Real,22 536 €,0 €,0,4804,2026-08-15,1279
Undertaker03,ATS,Estándar,Deepgrove,Bushnell Farms,2 068 km,2 074 km,130 km/h,Real,15 379 $,0 $,0,3805,2026-08-15,2074
ReyMisterio,ETS2,Estándar,Trameri,EuroAcres,341 km,426 km,99 km/h,Real,0 €,0 €,49,2366,2026-08-15,426
Undertaker03,ATS,Estándar,terminales,terminales,277 km,254 km,127 km/h,Real,3 382 $,0 $,9,2135,2026-08-15,254
DON ISMA,ATS,Estándar,terminales,terminales,277 km,255 km,128 km/h,Real,4 878 $,0 $,0,2253,2026-08-15,255
ZayCruz,ATS,Estándar,terminales,terminales,277 km,257 km,107 km/h,Real,5 412 $,4 540 $,0,2429,2026-08-15,257
Mr_Gerzon,ETS2,Estándar,DomDepo,Rock Eater,1 647 km,1 650 km,99 km/h,Real,97 356 €,0 €,3,5943,2026-08-15,1650
DON ISMA,ATS,Estándar,terminales,pda_bus,424 km,368 km,142 km/h,Carrera,9 386 $,0 $,0,2336,2026-08-15,368
ReyMisterio,ETS2,Estándar,TransiNet,Tradeaux,418 km,420 km,97 km/h,Real,7 507 €,0 €,2,2238,2026-08-16,420
Mr_Gerzon,ETS2,Estándar,Timber Turtle,CNP,2 179 km,2 724 km,102 km/h,Carrera,0 €,0 €,50,8801,2026-08-16,2724
Jose Naukin,ATS,Estándar,ara,Wilnet Transport,173 km,165 km,102 km/h,Real,5 176 $,2 500 $,1,2450,2026-08-16,165
Jose Naukin,ATS,Estándar,Wilnet Transport,nestle,137 km,135 km,96 km/h,Real,6 860 $,1 720 $,0,1931,2026-08-16,135
Undertaker03,ATS,Estándar,Bushnell Farms,Bitumen,1 544 km,1 548 km,130 km/h,Real,0 $,0 $,28,3135,2026-08-16,1548
ReyMisterio,ETS2,Estándar,Tradeaux,FLE,473 km,472 km,99 km/h,Real,80 630 €,0 €,0,1534,2026-08-16,472
ReyMisterio,ETS2,Estándar,Trameri,EuroAcres,340 km,425 km,98 km/h,Real,6 590 €,0 €,0,1399,2026-08-16,425
ReyMisterio,ATS,Estándar,Peterbilt,Bitumen,1 841 km,1 243 km,130 km/h,Real,46 662 $,0 $,1,1902,2026-08-16,1243
Guardian777,ATS,Estándar,Enterpriser,Haddock Shipyard,3 825 km,4 004 km,129 km/h,Real,0 $,0 $,100,8162,2026-08-16,4004
andres guerra,ATS,Estándar,Costruzione di Edifici,argos,717 km,583 km,104 km/h,Real,2 170 $,0 $,0,10439,2026-08-16,583
CRAZY_GAMER_16,ATS,Estándar,Starbridge,42 Print,3 123 km,3 120 km,130 km/h,Real,86 907 $,0 $,3,5282,2026-08-16,3120
andres guerra,ATS,Estándar,Plaster & Sons,ecopetrol,310 km,300 km,102 km/h,Real,0 $,0 $,32,4555,2026-08-16,300
Mr_Gerzon,ETS2,Estándar,Baltomorsk,Konstnorr,2 723 km,2 237 km,92 km/h,Real,82 207 €,0 €,0,6296,2026-08-16,2237
Old_picotto,ATS,Wotr,Elimax,Equos Power Transport,2 142 km,2 128 km,110 km/h,Real,89 053 $,0 $,0,4691,2026-08-16,2128
Brayan Gamer,ATS,Estándar,Tidbit,Deepgrove,3 220 km,3 214 km,129 km/h,Real,5 651 $,0 $,0,5286,2026-08-16,3214
CRAZY_GAMER_16,ATS,Estándar,McClane,Rail Export,1 350 km,1 352 km,129 km/h,Real,111 723 $,0 $,0,2782,2026-08-16,1352
ReyMisterio,ETS2,Estándar,EuroAcres,DomDepo,1 011 km,921 km,100 km/h,Real,25 646 €,0 €,0,3184,2026-08-16,921
duvanpamplona88,ATS,Estándar,finca_ov,gnv,177 km,161 km,129 km/h,Real,1 288 $,0 $,0,1854,2026-08-16,161
CRAZY_GAMER_16,ATS,Estándar,terminales,terminales,330 km,318 km,100 km/h,Real,3 961 $,0 $,9,2875,2026-08-16,318
Brayan Gamer,ATS,Estándar,Deepgrove,Tidbit,3 158 km,3 157 km,129 km/h,Real,5 236 $,0 $,1,5669,2026-08-16,3157
Brayan Gamer,ATS,Estándar,Coastline Mining,Plaster & Sons,1 059 km,922 km,129 km/h,Real,1 536 422 $,0 $,0,2598,2026-08-16,922
Brayan Gamer,ATS,Estándar,Plaster & Sons,Port of SF,788 km,694 km,129 km/h,Real,257 494 $,0 $,0,1433,2026-08-16,694
ReyMisterio,ETS2,Estándar,Ika Bohag,WGCC,382 km,382 km,98 km/h,Real,26 880 €,0 €,0,1098,2026-08-16,382
Jose Naukin,ATS,Estándar,mcpollo,ara,395 km,364 km,118 km/h,Real,1 666 $,7 600 $,0,4817,2026-08-16,364
ZayCruz,ATS,Estándar,Heartwood Furniture,Bitumen,1 215 km,1 351 km,130 km/h,Real,20 698 $,0 $,0,2461,2026-08-16,1351
ReyMisterio,ETS2,Estándar,LkwLog GmbH,EuroGoodies,467 km,407 km,98 km/h,Real,14 002 €,0 €,0,2207,2026-08-16,407
profeta(CT),ATS,Estándar,Enterpriser,Sea Horizon,2 139 km,2 086 km,130 km/h,Real,118 890 $,0 $,0,3616,2026-08-17,2086
Brayan Gamer,ETS2,Estándar,EuroGoodies,EuroAcres,1 076 km,931 km,98 km/h,Real,21 760 €,0 €,2,2907,2026-08-17,931
ReyMisterio,ETS2,Estándar,EuroGoodies,EuroAcres,1 076 km,933 km,99 km/h,Real,23 018 €,0 €,1,2938,2026-08-17,933
ReyMisterio,ATS,Estándar,Port of SF,Sea Horizon,2 843 km,2 251 km,130 km/h,Real,11 555 $,0 $,0,3988,2026-08-17,2251
Brayan Gamer,ATS,Estándar,Port of SF,Sea Horizon,2 283 km,2 227 km,129 km/h,Real,11 555 $,0 $,0,4024,2026-08-17,2227
profeta(CT),ATS,Estándar,Port of SF,Sea Horizon,2 283 km,2 330 km,130 km/h,Real,66 238 $,0 $,7,4726,2026-08-17,2330
Ayala.jav,ATS,Estándar,Venture,Deepgrove,2 140 km,2 148 km,129 km/h,Real,33 478 $,0 $,2,4443,2026-08-17,2148
ReyMisterio,ATS,Estándar,Starbridge,Gallon Oil,3 715 km,3 049 km,129 km/h,Real,70 739 $,0 $,9,5991,2026-08-17,3049
profeta(CT),ATS,Estándar,Starbridge,Gallon Oil,2 943 km,3 047 km,129 km/h,Real,96 075 $,0 $,2,5927,2026-08-17,3047
Trucker_JJ,ATS,Estándar,Bitumen,Gallon Oil,2 537 km,2 635 km,128 km/h,Real,48 602 $,0 $,0,5051,2026-08-17,2635
Ayala.jav,ATS,Estándar,Starbridge,Gallon Oil,2 943 km,3 025 km,130 km/h,Real,40 395 $,0 $,0,5666,2026-08-17,3025
Brayan Gamer,ATS,Estándar,Starbridge,Gallon Oil,2 980 km,3 044 km,130 km/h,Real,85 845 $,0 $,6,5986,2026-08-17,3044
CRAZY_GAMER_16,ATS,Estándar,Starbridge,Gallon Oil,2 943 km,3 023 km,129 km/h,Real,50 246 $,0 $,0,5793,2026-08-17,3023
Guardian777,ATS,Estándar,Drake Cars,Steeler,2 657 km,2 726 km,130 km/h,Real,0 $,0 $,100,5003,2026-08-17,2726
andres guerra,ATS,Estándar,Home Store,Gallon Oil,1 800 km,1 880 km,134 km/h,Carrera,23 815 $,1 400 $,1,4030,2026-08-17,1880
Ayala.jav,ATS,Estándar,Sunshine Crops,Deepgrove,2 054 km,2 051 km,129 km/h,Real,31 085 $,0 $,0,3641,2026-08-17,2051
Trucker_JJ,ATS,Estándar,Sunshine Crops,Deepgrove,2 054 km,2 051 km,129 km/h,Real,30 392 $,0 $,0,3778,2026-08-17,2051
Brayan Gamer,ATS,Estándar,Sunshine Crops,Deepgrove,2 054 km,2 050 km,129 km/h,Real,17 672 $,0 $,0,3746,2026-08-17,2050
CRISTHIAN 926,ATS,Estándar,Sunshine Crops,Deepgrove,2 054 km,2 052 km,130 km/h,Real,34 473 $,0 $,0,3780,2026-08-17,2052
CRAZY_GAMER_16,ATS,Estándar,Sunshine Crops,Deepgrove,2 054 km,2 052 km,129 km/h,Real,34 473 $,0 $,0,3826,2026-08-17,2052
andres guerra,ATS,Estándar,Sunshine Crops,Deepgrove,2 054 km,2 141 km,128 km/h,Real,20 811 $,3 860 $,6,4742,2026-08-17,2141
CRAZY_GAMER_16,ATS,Estándar,Deepgrove,Gallon Oil,2 073 km,2 072 km,130 km/h,Real,34 788 $,0 $,0,3464,2026-08-17,2072
Trucker_JJ,ATS,Estándar,Deepgrove,Gallon Oil,2 073 km,2 074 km,129 km/h,Real,30 669 $,0 $,0,3679,2026-08-17,2074
CRISTHIAN 926,ATS,Estándar,Deepgrove,Gallon Oil,2 073 km,2 071 km,127 km/h,Real,34 788 $,0 $,0,4015,2026-08-17,2071
Brayan Gamer,ATS,Estándar,Deepgrove,Gallon Oil,2 073 km,2 073 km,128 km/h,Real,17 830 $,0 $,0,4032,2026-08-17,2073
andres guerra,ATS,Estándar,Deepgrove,Eddy's,2 404 km,2 406 km,130 km/h,Real,28 614 $,5 000 $,3,4536,2026-08-17,2406
CRISTHIAN 926,ATS,Estándar,Mon Coeur,Haddock Shipyard,2 174 km,2 173 km,130 km/h,Real,36 438 $,0 $,0,3533,2026-08-17,2173
CRAZY_GAMER_16,ATS,Estándar,Mon Coeur,Haddock Shipyard,2 174 km,2 173 km,130 km/h,Real,36 438 $,0 $,0,3542,2026-08-17,2173
Old_picotto,ATS,Wotr,Equos Power Transport,Rock Port,111 km,113 km,106 km/h,Real,1 172 $,0 $,0,521,2026-08-17,113
Old_picotto,ATS,Wotr,Rock Port,Galveston Port,529 km,531 km,110 km/h,Real,15 703 $,0 $,0,1590,2026-08-17,531
Old_picotto,ATS,Wotr,Galveston Port,Flavorfair,1 338 km,1 343 km,110 km/h,Real,50 763 $,0 $,0,3273,2026-08-17,1343
Trucker_JJ,ATS,Estándar,Taylor Construction Group,Coastline Mining,4 348 km,5 348 km,129 km/h,Real,280 463 $,0 $,1,10625,2026-08-17,5348
CRAZY_GAMER_16,ATS,Estándar,levapan,Kenworth,354 km,353 km,94 km/h,Real,1 560 $,0 $,0,4941,2026-08-17,353
BlGFOOT,ATS,Wotr,Wallbert,Eddy's,461 km,462 km,108 km/h,Real,1 281 $,0 $,0,989,2026-08-17,462
BlGFOOT,ATS,Estándar,Plaster & Sons,Coastline Mining,632 km,500 km,118 km/h,Real,3 962 $,0 $,0,819,2026-08-17,500
duvanpamplona88,ATS,Estándar,Norrfood,agrinsa,109 km,107 km,123 km/h,Real,742 $,0 $,0,1216,2026-08-18,107
andresnintendo,ATS,Estándar,llanabastos,Plaster & Sons,409 km,419 km,89 km/h,Real,944 $,0 $,0,4733,2026-08-18,419
Mr_Gerzon,ATS,Estándar,Venture,SellGoods,3 187 km,3 864 km,129 km/h,Real,132 226 $,0 $,0,7687,2026-08-18,3864
duvanpamplona88,ATS,Estándar,agrinsa,42 Print,314 km,273 km,129 km/h,Real,1 216 $,0 $,0,3118,2026-08-18,273
Brayan Gamer,ATS,Estándar,Tidbit,Coastline Mining,3 555 km,3 534 km,130 km/h,Real,169 926 $,0 $,0,7171,2026-08-18,3534
Ayala.jav,ATS,Estándar,Avalanche Steel,Apade,1 162 km,1 200 km,129 km/h,Real,18 910 $,0 $,1,2624,2026-08-18,1200
Mr_Gerzon,ATS,Estándar,Mon Coeur,Shop Town,937 km,1 044 km,128 km/h,Real,29 864 $,0 $,5,2840,2026-08-18,1044
ReyMisterio,ATS,Estándar,Mon Coeur,Shop Town,958 km,1 176 km,128 km/h,Real,0 $,0 $,100,3493,2026-08-18,1176
Undertaker03,ATS,Estándar,Mon Coeur,Shop Town,958 km,981 km,128 km/h,Real,0 $,0 $,34,2944,2026-08-18,981
Brayan Gamer,ATS,Estándar,Mon Coeur,Shop Town,958 km,974 km,121 km/h,Real,0 $,0 $,63,2662,2026-08-18,974
ZayCruz,ATS,Estándar,Mon Coeur,Shop Town,958 km,1 039 km,128 km/h,Real,0 $,0 $,6,2866,2026-08-18,1039
duvanpamplona88,ATS,Estándar,Mon Coeur,Shop Town,958 km,947 km,129 km/h,Real,0 $,0 $,44,2502,2026-08-18,947
andresnintendo,ATS,Estándar,ccl2,Sunshine Crops,256 km,274 km,92 km/h,Real,669 $,0 $,0,3261,2026-08-18,274
Ayala.jav,ATS,Estándar,Peterbilt,Haddock Shipyard,2 951 km,2 981 km,129 km/h,Real,51 711 $,0 $,0,5393,2026-08-18,2981
JotaRomero1604,ATS,Estándar,Coastline Mining,Gallon Oil,2 800 km,3 468 km,130 km/h,Real,32 470 $,0 $,14,5916,2026-08-18,3468
Trucker_JJ,ATS,Estándar,Shop Town,SellGoods,1 102 km,1 378 km,123 km/h,Real,18 369 $,0 $,0,3367,2026-08-18,1378
ReyMisterio,ATS,Estándar,Shop Town,SellGoods,1 643 km,1 320 km,129 km/h,Real,11 996 $,0 $,8,3228,2026-08-18,1320
Undertaker03,ATS,Estándar,Shop Town,SellGoods,1 102 km,1 378 km,127 km/h,Real,18 369 $,0 $,0,3384,2026-08-18,1378
Mr_Gerzon,ATS,Estándar,Shop Town,SellGoods,1 102 km,1 378 km,128 km/h,Real,20 500 $,0 $,0,3429,2026-08-18,1378
ZayCruz,ATS,Estándar,Shop Town,SellGoods,1 102 km,1 378 km,128 km/h,Real,18 369 $,0 $,0,3398,2026-08-18,1378
Brayan Gamer,ATS,Estándar,Shop Town,SellGoods,1 154 km,1 385 km,129 km/h,Real,21 422 $,0 $,0,3428,2026-08-18,1385
duvanpamplona88,ATS,Estándar,Shop Town,SellGoods,1 154 km,1 400 km,129 km/h,Real,15 138 $,0 $,2,3464,2026-08-18,1400
Ayala.jav,ATS,Estándar,Wallbert,Bitumen,2 481 km,2 490 km,129 km/h,Real,28 562 $,0 $,8,4390,2026-08-18,2490
Ayala.jav,ATS,Estándar,Bitumen,Bushnell Farms,1 019 km,1 021 km,128 km/h,Real,6 522 $,0 $,0,1750,2026-08-18,1021
CRISTHIAN 926,ATS,Estándar,Tidbit,Coastline Mining,2 970 km,3 519 km,129 km/h,Real,126 493 $,0 $,4,7423,2026-08-18,3519
ZayCruz,ATS,Estándar,Home Store,Epro Gas,757 km,757 km,129 km/h,Real,2 555 $,0 $,5,1842,2026-08-18,757
Undertaker03,ETS2,Estándar,EuroGoodies,EuroGoodies,469 km,578 km,99 km/h,Real,17 482 €,0 €,13,2161,2026-08-18,578
BlGFOOT,ATS,Estándar,Plaster & Sons,Wallbert,4 084 km,3 869 km,129 km/h,Real,15 412 $,0 $,0,5603,2026-08-18,3869
ZayCruz,ATS,Estándar,Elimax,Equos Power Transport,1 893 km,1 865 km,129 km/h,Real,0 $,0 $,39,3595,2026-08-18,1865
ReyMisterio,ETS2,Estándar,Tradeaux,EuroAcres,1 079 km,1 129 km,98 km/h,Real,19 410 €,0 €,3,3526,2026-08-18,1129
Undertaker03,ETS2,Estándar,Tradeaux,EuroAcres,1 079 km,1 144 km,100 km/h,Real,17 118 €,0 €,6,3510,2026-08-18,1144
BlGFOOT,ATS,Wotr,Deepgrove,Bushnell Farms,954 km,955 km,107 km/h,Real,3 549 $,0 $,0,1855,2026-08-18,955
duvanpamplona88,ATS,Estándar,sofasa,invias,275 km,255 km,123 km/h,Real,1 744 $,0 $,0,2736,2026-08-18,255
Old_picotto,ATS,Wotr,Flavorfair,Enterpriser,2 012 km,2 021 km,112 km/h,Real,77 789 $,0 $,0,4411,2026-08-18,2021
BlGFOOT,ATS,Wotr,Bushnell Farms,Sunshine Crops,1 189 km,1 486 km,114 km/h,Real,2 572 $,0 $,0,3044,2026-08-18,1486
Mr_Gerzon,ATS,Estándar,Avalanche Steel,Syntetico,6 147 km,7 147 km,127 km/h,Real,171 040 $,0 $,3,18043,2026-08-18,7147
BlGFOOT,ATS,Estándar,Tidbit,Wallbert,4 323 km,4 870 km,129 km/h,Real,16 278 $,0 $,0,7028,2026-08-18,4870
Mr_Gerzon,ATS,Estándar,Home Store,Central Civil Works,1 542 km,1 638 km,127 km/h,Real,55 784 $,0 $,0,3109,2026-08-18,1638
Jose Naukin,ATS,Estándar,Faraday,NAMIQ,1 077 km,1 193 km,128 km/h,Real,100 295 710 $,5 300 $,20,2601,2026-08-19,1193
ReyMisterio,ATS,Estándar,US Beverages & Bottling,Rail Export,2 937 km,2 685 km,129 km/h,Real,96 409 $,0 $,2,4893,2026-08-19,2685
profeta(CT),ATS,Estándar,Epro Gas,Rail Export,1 589 km,1 810 km,130 km/h,Real,56 260 $,0 $,0,3383,2026-08-19,1810
Undertaker03,ATS,Estándar,US Beverages & Bottling,Rail Export,2 255 km,2 698 km,129 km/h,Real,0 $,0 $,100,5461,2026-08-19,2698
CT/Cristian,ATS,Estándar,Vortex,Rail Export,1 746 km,2 170 km,129 km/h,Real,39 838 $,0 $,1,4040,2026-08-19,2170
Mr_Gerzon,ATS,Estándar,Home Store,Myroo,1 680 km,1 751 km,127 km/h,Real,41 108 $,0 $,0,5572,2026-08-19,1751
Jose Naukin,ATS,Estándar,NAMIQ,ABQ Cargo Center,736 km,772 km,120 km/h,Real,100 198 240 $,4 900 $,0,2148,2026-08-19,772
profeta(CT),ATS,Estándar,Kenworth,Bitumen,1 080 km,1 350 km,130 km/h,Real,49 786 $,0 $,0,3093,2026-08-19,1350
CT/Cristian,ATS,Estándar,Tidbit,Bitumen,2 292 km,2 608 km,130 km/h,Real,114 909 $,0 $,0,5226,2026-08-19,2608
Brayan Gamer,ATS,Estándar,Kenworth,Bitumen,1 376 km,1 520 km,130 km/h,Real,45 298 $,0 $,0,2911,2026-08-19,1520
CT/Cristian,ATS,Estándar,Kenworth,AI Automotive,1 654 km,1 650 km,129 km/h,Real,15 720 $,0 $,0,2573,2026-08-19,1650
profeta(CT),ATS,Estándar,Kenworth,AI Automotive,1 654 km,1 653 km,130 km/h,Real,14 826 $,0 $,0,2643,2026-08-19,1653
Brayan Gamer,ATS,Estándar,Kenworth,AI Automotive,1 654 km,1 653 km,129 km/h,Real,15 720 $,0 $,0,2626,2026-08-19,1653
Mr_Gerzon,ATS,Estándar,Flavorfair,Fish Tail Food,3 213 km,3 409 km,128 km/h,Real,78 344 $,0 $,0,7481,2026-08-19,3409
Guardian777,ATS,Estándar,Kenworth,AI Automotive,1 654 km,1 718 km,129 km/h,Real,12 445 $,0 $,5,2940,2026-08-19,1718
Roger.Diaz,ATS,Estándar,Elimax,Flavorfair,1 405 km,1 403 km,129 km/h,Real,53 607 $,0 $,0,2284,2026-08-19,1403
Brayan Gamer,ATS,Estándar,AI Automotive,Bitumen,1 854 km,1 862 km,129 km/h,Real,6 284 $,0 $,0,2884,2026-08-19,1862
Ayala.jav,ATS,Estándar,Bushnell Farms,Haddock Shipyard,3 756 km,3 760 km,129 km/h,Real,20 768 $,0 $,17,6976,2026-08-19,3760
Mr_Gerzon,ATS,Estándar,Fish Tail Food,Venture,931 km,1 164 km,127 km/h,Real,12 606 $,0 $,0,4208,2026-08-19,1164
Roger.Diaz,ATS,Estándar,Wallbert,Deepgrove,4 007 km,4 718 km,129 km/h,Real,13 173 $,0 $,0,7371,2026-08-19,4718
CRAZY_GAMER_16,ETS2,Estándar,Norrsken,Norrsken,313 km,391 km,82 km/h,Real,2 023 €,0 €,0,1706,2026-08-19,391
CRAZY_GAMER_16,ATS,Estándar,Ultimus,Equos Power Transport,274 km,275 km,113 km/h,Real,5 376 $,0 $,0,1017,2026-08-19,275
Mr_Gerzon,ATS,Estándar,Venture,Starbridge,3 484 km,3 480 km,129 km/h,Real,108 651 $,0 $,0,6398,2026-08-19,3480
BlGFOOT,ATS,Estándar,Bitumen,Grand Pastures,2 858 km,3 572 km,129 km/h,Real,5 082 $,0 $,0,5249,2026-08-19,3572
BlGFOOT,ATS,Estándar,Home Store,Enterpriser,3 621 km,3 623 km,129 km/h,Real,13 474 $,0 $,0,5187,2026-08-19,3623
CRAZY_GAMER_16,ATS,Estándar,Equos Power Transport,X-Tech Machinery,640 km,643 km,114 km/h,Real,7 121 $,0 $,0,1707,2026-08-19,643
Mr_Gerzon,ATS,Estándar,Starbridge,Enterpriser,1 942 km,1 965 km,128 km/h,Real,58 871 $,0 $,0,4011,2026-08-19,1965
CRAZY_GAMER_16,ATS,Estándar,X-Tech Machinery,Rock Port,1 043 km,1 042 km,114 km/h,Real,9 426 $,2 620 $,0,3265,2026-08-19,1042
Jose Naukin,ATS,Estándar,Plaster & Sons,HMS Machinery,334 km,333 km,110 km/h,Real,10 193 $,10 100 $,11,974,2026-08-20,333
CT/Cristian,ATS,Estándar,Enterpriser,Coastline Mining,1 883 km,2 076 km,130 km/h,Real,120 646 $,0 $,0,3389,2026-08-20,2076
Brayan Gamer,ATS,Estándar,Enterpriser,Coastline Mining,1 883 km,2 076 km,129 km/h,Real,5 659 $,0 $,2,3323,2026-08-20,2076
Brayan Gamer,ATS,Estándar,Coastline Mining,Bitumen,2 655 km,2 654 km,130 km/h,Real,8 929 $,0 $,0,4468,2026-08-20,2654
Mr_Gerzon,ATS,Estándar,Enterpriser,Elimax,2 263 km,2 465 km,135 km/h,Carrera,71 250 $,0 $,1,5017,2026-08-20,2465
Mr_Gerzon,ATS,Estándar,Elimax,Starbridge,1 339 km,1 667 km,127 km/h,Real,18 778 $,0 $,15,4584,2026-08-20,1667
Ayala.jav,ATS,Estándar,Haddock Shipyard,Bushnell Farms,3 781 km,4 104 km,129 km/h,Real,199 812 $,0 $,2,7856,2026-08-20,4104
Mr_Gerzon,ATS,Estándar,Starbridge,Chuck & Jack's,1 512 km,1 622 km,127 km/h,Real,49 779 $,0 $,0,3635,2026-08-20,1622
Ayala.jav,ATS,Estándar,Bushnell Farms,Bitumen,1 019 km,1 019 km,129 km/h,Real,17 061 $,0 $,0,1739,2026-08-20,1019
Camilo Gang,ATS,Estándar,Bushnell Farms,Aron,1 008 km,1 020 km,130 km/h,Real,10 170 $,0 $,9,2002,2026-08-20,1020
ZayCruz,ATS,Estándar,Enterpriser,Rail Export,2 795 km,2 978 km,130 km/h,Real,43 564 $,0 $,15,6304,2026-08-20,2978
Camilo Gang,ATS,Estándar,Bitumen,Apade,1 738 km,1 797 km,130 km/h,Real,30 025 $,0 $,0,3263,2026-08-20,1797
BlGFOOT,ATS,Estándar,NAMIQ,Venture,2 208 km,2 465 km,129 km/h,Real,7 376 $,0 $,0,3597,2026-08-20,2465
Mr_Gerzon,ATS,Estándar,Chuck & Jack's,Grand Pastures,1 549 km,1 936 km,129 km/h,Real,74 530 $,0 $,0,4454,2026-08-20,1936
Mr_Gerzon,ATS,Estándar,Grand Pastures,Bushnell Farms,643 km,804 km,129 km/h,Real,39 355 $,0 $,0,2816,2026-08-20,804
BlGFOOT,ATS,Estándar,Waldens,Avalanche Steel,2 994 km,3 743 km,129 km/h,Real,21 726 $,0 $,0,6646,2026-08-20,3743
BlGFOOT,ATS,Estándar,Sunshine Crops,Waldens,104 km,103 km,129 km/h,Real,3 035 $,0 $,0,170,2026-08-20,103
BlGFOOT,ATS,Wotr,Shop Town,Home Store,232 km,232 km,107 km/h,Real,942 $,0 $,0,534,2026-08-20,232
Undertaker03,ATS,Estándar,Steeler,Venture,2 131 km,2 129 km,130 km/h,Real,10 123 $,0 $,2,3590,2026-08-20,2129
Mr_Gerzon,ATS,Estándar,Bushnell Farms,Venture,2 432 km,2 888 km,129 km/h,Real,14 271 $,0 $,0,5791,2026-08-20,2888
Camilo Gang,ATS,Estándar,Lumen auto,Bitumen,256 km,320 km,129 km/h,Real,9 342 $,0 $,0,1148,2026-08-20,320
profeta(CT),ATS,Estándar,Wallbert,Flavorfair,2 296 km,2 301 km,130 km/h,Real,8 671 $,0 $,16,3800,2026-08-21,2301
Undertaker03,ETS2,Estándar,Bjork,SAL,566 km,497 km,86 km/h,Real,23 710 €,0 €,0,2028,2026-08-21,497
Mr_Gerzon,ETS2,Estándar,Bjork,SAL,566 km,498 km,81 km/h,Real,24 854 €,560 €,0,2045,2026-08-21,498
profeta(CT),ATS,Estándar,Drake Cars,Enterpriser,1 450 km,1 447 km,130 km/h,Real,2 730 $,0 $,0,2448,2026-08-21,1447
CT/Cristian,ATS,Estándar,Drake Cars,Enterpriser,1 450 km,1 449 km,130 km/h,Real,2 771 $,0 $,0,2473,2026-08-21,1449
Mr_Gerzon,ETS2,Estándar,SAL,Polaris Lines,583 km,624 km,81 km/h,Real,14 847 €,1 800 €,0,2494,2026-08-21,624
Undertaker03,ETS2,Estándar,SAL,Polaris Lines,583 km,628 km,86 km/h,Real,12 395 €,0 €,2,2508,2026-08-21,628
Brayan Gamer,ATS,Estándar,Coastline Mining,Tidbit,3 405 km,3 465 km,130 km/h,Real,842 $,0 $,21,5989,2026-08-21,3465
andresnintendo,ATS,Estándar,Sunshine Crops,Bitumen,466 km,429 km,91 km/h,Real,3 690 $,0 $,1,6514,2026-08-21,429
profeta(CT),ATS,Estándar,Tidbit,Wallbert,2 756 km,3 194 km,130 km/h,Real,2 934 $,0 $,9,5069,2026-08-21,3194
Guardian777,ATS,Estándar,Tidbit,Wallbert,2 756 km,3 179 km,130 km/h,Real,2 697 $,0 $,11,5073,2026-08-21,3179
CT/Cristian,ATS,Estándar,Tidbit,Wallbert,2 756 km,3 192 km,129 km/h,Real,4 922 $,0 $,0,5037,2026-08-21,3192
Brayan Gamer,ATS,Estándar,Tidbit,Wallbert,3 181 km,3 196 km,130 km/h,Real,9 788 $,0 $,1,5033,2026-08-21,3196
Brayan Gamer,ATS,Estándar,Wallbert,Enterpriser,1 513 km,1 508 km,130 km/h,Real,19 052 $,0 $,0,2335,2026-08-21,1508
Brayan Gamer,ATS,Estándar,Enterpriser,Starbridge,472 km,472 km,129 km/h,Real,19 170 $,0 $,0,936,2026-08-21,472
Mr_Gerzon,ETS2,Estándar,Konstnorr,Χριστόπουλος Οικοδομικά,5 862 km,5 249 km,99 km/h,Real,204 454 €,0 €,1,15298,2026-08-21,5249
CRAZY_GAMER_16,ATS,Estándar,Rock Port,Pickit,1 001 km,1 005 km,117 km/h,Real,19 683 $,0 $,0,3351,2026-08-21,1005
CRAZY_GAMER_16,ATS,Estándar,Pickit,MWM,385 km,386 km,113 km/h,Real,5 809 $,1 620 $,0,1031,2026-08-21,386
CRAZY_GAMER_16,ATS,Estándar,18 Wheels,MWM,260 km,260 km,114 km/h,Real,3 737 $,0 $,0,782,2026-08-21,260
CRAZY_GAMER_16,ATS,Estándar,MWM,SellGoods,2 153 km,2 165 km,130 km/h,Real,31 152 $,960 $,0,4962,2026-08-21,2165
ZayCruz,ATS,Estándar,Peterbilt,Houston Cargo Terminal,2 612 km,2 587 km,129 km/h,Real,158 785 $,0 $,1,5266,2026-08-21,2587
CRAZY_GAMER_16,ATS,Estándar,SellGoods,Bushnell Farms,1 273 km,1 270 km,129 km/h,Real,9 941 $,0 $,0,3196,2026-08-21,1270
Mr_Gerzon,ETS2,Estándar,Tree-ET,Tradeaux,387 km,438 km,90 km/h,Real,61 €,0 €,0,1818,2026-08-21,438
Trucker_JJ,ATS,Estándar,SellGoods,Plaster & Sons,910 km,923 km,128 km/h,Real,34 097 $,0 $,0,1755,2026-08-21,923
Mr_Gerzon,ETS2,Estándar,Posped,Stokes,214 km,215 km,85 km/h,Real,155 €,0 €,0,983,2026-08-21,215
Mr_Gerzon,ETS2,Estándar,EuroAcres,EuroGoodies,176 km,176 km,83 km/h,Real,164 €,0 €,0,683,2026-08-21,176
El puma (CT),ATS,Estándar,Shop Town,Farmer's Barn,1 160 km,1 147 km,122 km/h,Real,20 043 $,0 $,0,2921,2026-08-21,1147
Mr_Gerzon,ETS2,Estándar,ITCC,EuroAcres,325 km,325 km,98 km/h,Real,306 €,0 €,0,1292,2026-08-21,325
Camilo Gang,ATS,Estándar,Bitumen,42 Print,1 553 km,1 846 km,130 km/h,Real,26 294 $,0 $,0,3143,2026-08-21,1846
Mr_Gerzon,ETS2,Estándar,Trameri,WGCC,432 km,434 km,96 km/h,Real,466 €,0 €,0,1800,2026-08-21,434
Trucker_JJ,ATS,Estándar,Wallbert,Rail Export,1 830 km,1 998 km,130 km/h,Real,31 210 $,0 $,9,3961,2026-08-21,1998
ZayCruz,ATS,Estándar,Posped,bodegon,417 km,389 km,99 km/h,Real,24 203 $,10 000 $,0,5052,2026-08-21,389
Mr_Gerzon,ETS2,Estándar,WGCC,EuroAcres,587 km,587 km,91 km/h,Real,542 €,105 €,0,2267,2026-08-21,587
ZayCruz,ATS,Estándar,terminales,terminales,625 km,569 km,130 km/h,Real,10 824 $,27 920 $,5,4138,2026-08-21,569
El puma (CT),ATS,Estándar,Elimax,Venture,3 km,3 km,42 km/h,Real,374 $,0 $,0,187,2026-08-22,3
Jose Naukin,ATS,Estándar,GARC,Starbridge,929 km,1 015 km,123 km/h,Real,96 414 069 $,74 300 $,32,5699,2026-08-22,1015
AngelQ_,ATS,Estándar,Peterbilt,AI Automotive,1 324 km,1 327 km,129 km/h,Real,54 542 $,0 $,0,2269,2026-08-22,1327
Undertaker03,ATS,Estándar,Rock Port,Wallbert,1 599 km,1 590 km,128 km/h,Real,0 $,0 $,100,3200,2026-08-22,1590
Brayan Gamer,ATS,Estándar,Coastline Mining,Bitumen,1 425 km,1 424 km,129 km/h,Real,6 168 344 $,0 $,0,2463,2026-08-22,1424
AngelQ_,ATS,Estándar,Darwing,Coastline Mining,682 km,689 km,130 km/h,Real,21 397 $,0 $,0,1706,2026-08-22,689
profeta(CT),ATS,Estándar,Rail Export,Apade,741 km,731 km,128 km/h,Real,14 744 $,0 $,0,1927,2026-08-22,731
Undertaker03,ATS,Estándar,Wallbert,Deepgrove,2 164 km,2 388 km,130 km/h,Real,0 $,0 $,40,4724,2026-08-22,2388
ReyMisterio,ATS,Estándar,Wallbert,Deepgrove,2 164 km,2 381 km,130 km/h,Real,60 764 $,0 $,5,4861,2026-08-22,2381
El puma (CT),ATS,Estándar,Wilnet Transport,ara,308 km,258 km,114 km/h,Real,8 684 $,0 $,0,2889,2026-08-22,258
Trucker_JJ,ATS,Estándar,Wilnet Transport,ara,308 km,258 km,105 km/h,Real,6 882 $,0 $,5,3225,2026-08-22,258
profeta(CT),ATS,Estándar,Peterbilt,Apade,2 km,2 km,72 km/h,Real,648 $,0 $,0,73,2026-08-22,2
ReyMisterio,ATS,Estándar,Peterbilt,Apade,2 km,2 km,89 km/h,Real,650 $,0 $,0,54,2026-08-22,2
Brayan Gamer,ATS,Estándar,Bitumen,HMS Machinery,2 258 km,2 471 km,129 km/h,Real,4 338 954 $,0 $,0,4398,2026-08-22,2471
andresnintendo,ETS2,Estándar,ACI SRL,RT Log,432 km,431 km,89 km/h,Real,39 616 €,0 €,0,1485,2026-08-22,431
El puma (CT),ATS,Estándar,Venture,GARC,216 km,217 km,87 km/h,Real,707 $,0 $,0,954,2026-08-22,217
Guardian777,ATS,Estándar,Apade,NAMIQ,1 825 km,1 943 km,125 km/h,Real,0 $,0 $,100,4359,2026-08-22,1943
Brayan Gamer,ATS,Estándar,Coastline Mining,Rail Export,2 479 km,2 472 km,129 km/h,Real,12 723 977 $,0 $,0,4181,2026-08-22,2472
andres guerra,ATS,Estándar,ecopetrol,ingenio_sc,865 km,804 km,107 km/h,Real,2 151 $,0 $,0,14682,2026-08-22,804
Mr_Gerzon,ETS2,Estándar,NS Oil,EuroGoodies,1 051 km,1 314 km,98 km/h,Real,74 620 €,0 €,2,5933,2026-08-22,1314
BlGFOOT,ATS,Wotr,Wallbert,Alis Cars,3 095 km,3 092 km,115 km/h,Real,6 298 $,0 $,0,5757,2026-08-22,3092
BlGFOOT,ATS,Wotr,Peterbilt,Azure,522 km,623 km,116 km/h,Real,1 429 $,0 $,0,1275,2026-08-22,623
BlGFOOT,ATS,Wotr,Farmer's Barn,Home Store,733 km,731 km,114 km/h,Real,1 815 $,0 $,0,1490,2026-08-22,731
ZayCruz,ATS,Estándar,Chemso Ltd.,Coastline Mining,2 634 km,2 636 km,130 km/h,Real,0 $,0 $,32,4928,2026-08-22,2636
BlGFOOT,ATS,Estándar,Deepgrove,Grand Pastures,2 898 km,3 252 km,129 km/h,Real,18 438 $,0 $,0,4605,2026-08-22,3252
BlGFOOT,ATS,Estándar,Lumen auto,Rail Export,1 369 km,1 711 km,130 km/h,Real,81 823 $,0 $,0,3184,2026-08-22,1711
duvanpamplona88,ATS,Estándar,pda_bus,pda_bus,173 km,174 km,121 km/h,Real,4 126 $,0 $,0,2000,2026-08-22,174
BlGFOOT,ATS,Estándar,Heartwood Furniture,Buildmaster Manufacturing Co.,2 146 km,2 271 km,130 km/h,Real,48 404 $,0 $,0,3184,2026-08-22,2271
Undertaker03,ATS,Estándar,indupalma,ara,960 km,620 km,130 km/h,Real,0 $,0 $,25,7582,2026-08-22,620
ReyMisterio,ETS2,Estándar,NS Oil,MS Stein,68 km,68 km,86 km/h,Real,2 435 €,0 €,1,795,2026-08-22,68
Mr_Gerzon,ETS2,Estándar,NS Oil,MS Stein,68 km,68 km,86 km/h,Real,2 490 €,0 €,0,870,2026-08-22,68
Undertaker03,ETS2,Estándar,NS Oil,MS Stein,68 km,68 km,93 km/h,Real,2 640 €,0 €,0,855,2026-08-22,68
ReyMisterio,ETS2,Estándar,MS Stein,Marina,326 km,408 km,99 km/h,Real,22 598 €,0 €,0,1763,2026-08-22,408
Undertaker03,ETS2,Estándar,MS Stein,Marina,326 km,408 km,100 km/h,Real,20 602 €,0 €,2,1742,2026-08-22,408
Mr_Gerzon,ETS2,Estándar,MS Stein,Marina,326 km,408 km,104 km/h,Carrera,20 983 €,0 €,0,1850,2026-08-22,408
Mr_Gerzon,ATS,Estándar,Syntetico,Rail Export,3 413 km,3 413 km,129 km/h,Real,173 761 $,0 $,0,5823,2026-08-22,3413
BlGFOOT,ATS,Estándar,Taylor Construction Group,Plaster & Sons,2 406 km,2 606 km,130 km/h,Real,36 900 $,0 $,0,3649,2026-08-22,2606
CRAZY_GAMER_16,ATS,Estándar,Haddock Shipyard,Sea Horizon,5 058 km,6 058 km,130 km/h,Real,77 156 $,0 $,3,10458,2026-08-23,6058
BlGFOOT,ATS,Estándar,Bitumen,Western Star,770 km,861 km,130 km/h,Real,27 168 $,0 $,0,1213,2026-08-23,861
Mr_Gerzon,ATS,Estándar,Rail Export,Elimax,2 504 km,2 599 km,129 km/h,Real,85 137 $,0 $,0,5964,2026-08-23,2599
ReyMisterio,ETS2,Estándar,EuroAcres,Steinbruch,1 144 km,1 243 km,100 km/h,Real,6 292 €,0 €,0,3147,2026-08-23,1243
El puma (CT),ATS,Estándar,Deep Wells,Deep Wells,329 km,329 km,92 km/h,Real,2 859 $,280 $,0,987,2026-08-23,329
Brayan Gamer,ATS,Estándar,Tidbit,Avalanche Steel,3 906 km,3 855 km,128 km/h,Real,6 793 $,0 $,1,6079,2026-08-23,3855
El puma (CT),ATS,Estándar,Golden Meadows,Enterpriser,330 km,330 km,91 km/h,Real,3 759 $,0 $,0,1352,2026-08-23,330
andresnintendo,ATS,Estándar,Rail Export,Gastream,308 km,313 km,106 km/h,Real,2 644 $,0 $,0,4445,2026-08-23,313
AngelQ_,ATS,Estándar,Tidbit,AI Automotive,2 189 km,2 210 km,130 km/h,Real,102 047 $,0 $,0,3630,2026-08-23,2210
ReyMisterio,ATS,Wotr,Western Star,Alis Cars,574 km,610 km,106 km/h,Real,2 240 $,0 $,0,1338,2026-08-23,610
Brayan Gamer,ATS,Estándar,Avalanche Steel,Tidbit,3 750 km,3 671 km,128 km/h,Real,6 430 $,0 $,1,6086,2026-08-23,3671
BlGFOOT,ATS,Wotr,Golden Meadows,American Lines,1 888 km,1 890 km,115 km/h,Real,34 377 $,0 $,0,3560,2026-08-23,1890
BlGFOOT,ETS2,Estándar,Canteras del Sur,LkwLog GmbH,2 393 km,2 582 km,100 km/h,Real,54 394 €,0 €,0,4981,2026-08-23,2582
BlGFOOT,ETS2,Estándar,LkwLog GmbH,TransiNet,1 083 km,1 084 km,99 km/h,Real,42 046 €,0 €,0,2110,2026-08-23,1084
El puma (CT),ATS,Estándar,Elimax,Shop Town,625 km,626 km,97 km/h,Real,7 177 $,0 $,0,1874,2026-08-23,626
El puma (CT),ATS,Estándar,Steeler,Chuck & Jack's,514 km,514 km,98 km/h,Real,3 689 $,0 $,0,1433,2026-08-23,514
El puma (CT),ATS,Estándar,Petrolucent,Grand Pastures,611 km,612 km,98 km/h,Real,3 088 $,0 $,0,1701,2026-08-23,612
BlGFOOT,ETS2,Estándar,Marina,Icaria,3 319 km,3 540 km,99 km/h,Real,242 784 €,0 €,0,6971,2026-08-23,3540
Juan Esteban M,ATS,Estándar,pda_bus,terminales,286 km,300 km,130 km/h,Real,0 $,26 300 $,69,3029,2026-08-23,300
duvanpamplona88,ATS,Estándar,terminales,terminales,140 km,140 km,130 km/h,Real,3 856 $,0 $,0,1330,2026-08-23,140
Juan Esteban M,ATS,Estándar,Port of SF,Tidbit,7 km,6 km,86 km/h,Real,107 038 $,0 $,0,136,2026-08-23,6
BlGFOOT,ETS2,Estándar,SellPlan,Logística Atlântica,2 423 km,2 709 km,100 km/h,Real,55 218 €,0 €,0,5445,2026-08-23,2709
CRISTHIAN 926,ATS,Estándar,Taylor Construction Group,Gallon Oil,5 003 km,5 977 km,129 km/h,Real,0 $,0 $,39,10144,2026-08-23,5977
El puma (CT),ATS,Estándar,Shop Town,MWM,566 km,566 km,90 km/h,Real,5 575 $,720 $,0,1839,2026-08-24,566
profeta(CT),ATS,Estándar,Farmer's Barn,Grand Pastures,1 942 km,1 940 km,129 km/h,Real,5 654 $,0 $,1,3567,2026-08-24,1940
andres guerra,ATS,Estándar,ingenio_sc,ccl2,635 km,624 km,90 km/h,Real,1 543 $,0 $,0,9798,2026-08-24,624
El puma (CT),ATS,Estándar,Venture,Equos Power Transport,580 km,582 km,100 km/h,Real,8 514 $,0 $,0,1712,2026-08-24,582
Brayan Gamer,ATS,Estándar,Enterpriser,Plaster & Sons,3 km,3 km,47 km/h,Real,367 $,0 $,0,107,2026-08-24,3
Mr_Gerzon,ATS,Estándar,Rock Port,Sea Horizon,5 058 km,6 058 km,129 km/h,Real,31 694 $,0 $,1,11543,2026-08-24,6058
profeta(CT),ATS,Estándar,Tidbit,AI Automotive,2 640 km,2 234 km,129 km/h,Real,89 857 $,0 $,0,3892,2026-08-24,2234
Brayan Gamer,ATS,Estándar,Tidbit,AI Automotive,2 222 km,2 231 km,129 km/h,Real,77 358 $,4 400 $,2,3834,2026-08-24,2231
Trucker_JJ,ATS,Estándar,Tidbit,Bitumen,2 221 km,2 332 km,129 km/h,Real,94 139 $,0 $,0,4233,2026-08-24,2332
CRAZY_GAMER_16,ATS,Estándar,Bitumen,AI Automotive,1 300 km,1 393 km,130 km/h,Real,72 841 $,0 $,12,2410,2026-08-24,1393
andres guerra,ATS,Estándar,Tidbit,Bitumen,2 219 km,2 250 km,136 km/h,Carrera,149 221 $,1 400 $,2,4587,2026-08-24,2250
CRAZY_GAMER_16,ATS,Estándar,Deepgrove,Plaster & Sons,1 966 km,2 074 km,130 km/h,Real,57 652 $,0 $,4,3926,2026-08-24,2074
AngelQ_,ATS,Estándar,Deepgrove,Plaster & Sons,1 926 km,2 408 km,130 km/h,Real,31 848 $,0 $,12,4908,2026-08-24,2408
profeta(CT),ATS,Estándar,Deepgrove,Plaster & Sons,3 064 km,2 066 km,130 km/h,Real,60 294 $,0 $,3,4072,2026-08-24,2066
Brayan Gamer,ATS,Estándar,Deepgrove,Plaster & Sons,1 966 km,2 064 km,129 km/h,Real,80 256 $,0 $,3,3989,2026-08-24,2064
andres guerra,ATS,Estándar,Deepgrove,Plaster & Sons,1 966 km,1 956 km,123 km/h,Real,68 173 $,1 400 $,0,4261,2026-08-24,1956
Mr_Gerzon,ATS,Estándar,Sea Horizon,Vortex,6 158 km,6 956 km,127 km/h,Real,17 763 $,0 $,12,13238,2026-08-24,6956
El puma (CT),ATS,Estándar,Chuck & Jack's,GARC,600 km,602 km,99 km/h,Real,8 086 $,0 $,0,1637,2026-08-24,602
BlGFOOT,ETS2,Estándar,"Cesta, S.L.",RT Log,2 537 km,2 740 km,100 km/h,Real,34 393 €,0 €,0,5348,2026-08-24,2740
andresnintendo,ATS,Estándar,ccl2,bodegon,789 km,731 km,101 km/h,Real,3 586 $,0 $,0,8377,2026-08-24,731
CRISTHIAN 926,ATS,Estándar,Enterpriser,Rail Export,2 401 km,1 984 km,129 km/h,Real,65 011 $,0 $,0,4144,2026-08-24,1984
CRAZY_GAMER_16,ETS2,Estándar,Norrsken,Deutsche Frachthäfen,772 km,778 km,90 km/h,Real,22 416 €,1 640 €,1,2910,2026-08-24,778
BlGFOOT,ETS2,Estándar,Sanbuilders,"Cesta, S.L.",2 234 km,2 739 km,99 km/h,Real,90 028 €,0 €,0,5332,2026-08-24,2739
Undertaker03,ATS,Estándar,Steeler,Avalanche Steel,4 769 km,5 132 km,130 km/h,Real,255 639 $,0 $,3,9082,2026-08-24,5132
El puma (CT),ATS,Estándar,Bitumen,US Beverages & Bottling,2 133 km,2 138 km,129 km/h,Real,36 717 $,0 $,0,3307,2026-08-24,2138
Undertaker03,ATS,Estándar,US Beverages & Bottling,Tidbit,2 097 km,2 095 km,129 km/h,Real,62 850 $,0 $,0,3218,2026-08-24,2095
Trucker_JJ,ATS,Estándar,Coastline Mining,Plaster & Sons,641 km,654 km,120 km/h,Real,10 233 $,0 $,0,1995,2026-08-24,654
Juan Esteban M,ATS,Estándar,Petrolucent,Rail Export,1 657 km,1 745 km,130 km/h,Real,0 $,36 320 $,63,4376,2026-08-25,1745
Jose Naukin,ATS,Estándar,Rail Export,Rail Export,594 km,555 km,114 km/h,Real,22 853 $,700 $,1,2008,2026-08-25,555
Brayan Gamer,ATS,Estándar,Wallbert,Sea Horizon,3 549 km,3 502 km,130 km/h,Real,173 945 $,0 $,0,5816,2026-08-25,3502
Jose Naukin,ATS,Estándar,Rail Export,Bushnell Farms,904 km,822 km,129 km/h,Real,0 $,4 240 $,38,2361,2026-08-25,822
Mr_Gerzon,ATS,Estándar,Rock Port,Enterpriser,2 416 km,2 464 km,128 km/h,Real,84 049 $,0 $,0,5485,2026-08-25,2464
Undertaker03,ATS,Estándar,Enterpriser,Tidbit,2 035 km,2 031 km,128 km/h,Real,10 159 $,0 $,0,3197,2026-08-25,2031
ReyMisterio,ATS,Estándar,Enterpriser,Tidbit,2 824 km,2 040 km,129 km/h,Real,10 159 $,0 $,0,3316,2026-08-25,2040
El puma (CT),ATS,Estándar,Enterpriser,Tidbit,2 035 km,2 039 km,129 km/h,Real,61 006 $,0 $,0,3409,2026-08-25,2039
Brayan Gamer,ATS,Estándar,GPW,Tidbit,933 km,933 km,130 km/h,Real,42 907 $,0 $,0,1756,2026-08-25,933
Juan Esteban M,ATS,Estándar,Enterpriser,Tidbit,2 035 km,2 039 km,130 km/h,Real,38 589 $,12 800 $,9,3540,2026-08-25,2039
Jose Naukin,ATS,Estándar,Gallon Oil,Rail Export,631 km,593 km,138 km/h,Carrera,100 704 731 $,7 080 $,6,2324,2026-08-25,593
AngelQ_,ATS,Estándar,Tidbit,AI Automotive,2 189 km,2 223 km,130 km/h,Real,33 280 $,0 $,0,3472,2026-08-25,2223
AngelQ_,ATS,Estándar,Tidbit,AI Automotive,2 189 km,2 219 km,130 km/h,Real,34 593 $,0 $,0,3355,2026-08-26,2219
Jose Naukin,ATS,Estándar,Bitumen,Bitumen,236 km,211 km,111 km/h,Real,0 $,8 320 $,25,3186,2026-08-26,211
profeta(CT),ATS,Estándar,Drake Cars,Avalanche Steel,533 km,532 km,127 km/h,Real,12 089 $,0 $,0,1141,2026-08-26,532
Trucker_JJ,ATS,Estándar,Plaster & Sons,Bitumen,1 389 km,1 388 km,130 km/h,Real,41 977 $,0 $,1,3238,2026-08-26,1388
andres guerra,ATS,Estándar,bavaria,agrocol,165 km,206 km,108 km/h,Real,882 $,0 $,0,2851,2026-08-26,206
ZayCruz,ATS,Estándar,Rock Port,Deepgrove,4 145 km,4 195 km,129 km/h,Real,0 $,0 $,41,7614,2026-08-26,4195
ZayCruz,ATS,Estándar,Venture,Home Store,810 km,794 km,107 km/h,Real,19 960 $,8 060 $,3,3646,2026-08-26,794
profeta(CT),ATS,Estándar,Avalanche Steel,Haddock Shipyard,6 149 km,6 020 km,129 km/h,Real,42 823 $,0 $,12,11291,2026-08-27,6020
El puma (CT),ATS,Estándar,Farmer's Barn,Haddock Shipyard,819 km,889 km,130 km/h,Real,8 809 $,0 $,2,1917,2026-08-27,889
AngelQ_,ATS,Estándar,Tidbit,AI Automotive,2 189 km,2 216 km,129 km/h,Real,32 029 $,0 $,0,3469,2026-08-27,2216
Jose Naukin,ATS,Estándar,Shop Town,Dynamix,889 km,885 km,120 km/h,Real,48 548 $,4 800 $,0,2730,2026-08-27,885
El puma (CT),ATS,Estándar,Rock Port,US Beverages & Bottling,3 912 km,3 912 km,130 km/h,Real,79 380 $,0 $,1,6221,2026-08-27,3912
El puma (CT),ATS,Estándar,18 Wheels,American Lines,2 515 km,2 514 km,130 km/h,Real,70 988 $,0 $,1,3729,2026-08-27,2514
profeta(CT),ATS,Estándar,Syntetico,US Beverages & Bottling,3 909 km,3 914 km,129 km/h,Real,38 456 $,0 $,2,6511,2026-08-27,3914
andres guerra,ATS,Estándar,Plaster & Sons,SellGoods,393 km,368 km,78 km/h,Real,1 268 $,0 $,0,6945,2026-08-27,368
andresnintendo,ATS,Estándar,ara,bavaria,961 km,892 km,102 km/h,Real,1 364 $,0 $,0,12109,2026-08-27,892
ZayCruz,ATS,Estándar,Deepgrove,HMS Machinery,2 297 km,2 312 km,129 km/h,Real,109 925 $,0 $,2,4874,2026-08-27,2312
andresnintendo,ATS,Estándar,big_cola,Plaster & Sons,311 km,301 km,86 km/h,Real,1 754 $,0 $,0,4367,2026-08-27,301
andresnintendo,ATS,Estándar,Plaster & Sons,Bitumen,75 km,77 km,73 km/h,Real,661 $,0 $,0,1615,2026-08-27,77
El puma (CT),ATS,Estándar,18 Wheels,American Lines,2 515 km,2 514 km,130 km/h,Real,70 110 $,0 $,1,3774,2026-08-27,2514
El puma (CT),ATS,Estándar,American Lines,X-Tech Machinery,2 511 km,2 511 km,130 km/h,Real,44 549 $,0 $,0,3736,2026-08-27,2511
Jose Naukin,ATS,Estándar,Dynamix,NAMIQ,493 km,528 km,111 km/h,Real,20 875 $,1 600 $,0,1651,2026-08-28,528
Jose Naukin,ATS,Estándar,Starbridge,SellGoods,557 km,483 km,136 km/h,Carrera,100 293 746 $,6 340 $,5,1742,2026-08-28,483
profeta(CT),ATS,Estándar,Taylor Construction Group,Bushnell Farms,2 377 km,2 362 km,130 km/h,Real,9 170 $,0 $,14,3874,2026-08-28,2362
AngelQ_,ATS,Estándar,AI Automotive,Coastline Mining,2 036 km,2 088 km,130 km/h,Real,11 567 $,0 $,0,3471,2026-08-28,2088
El puma (CT),ATS,Estándar,Chuck & Jack's,Grand Pastures,559 km,561 km,92 km/h,Real,1 612 $,0 $,0,1700,2026-08-28,561
ZayCruz,ATS,Estándar,Deepgrove,Sunshine Crops,1 014 km,1 022 km,129 km/h,Real,35 513 $,0 $,0,2638,2026-08-28,1022
El puma (CT),ATS,Wotr,Precision Car Parts,Deep Wells,482 km,485 km,98 km/h,Real,11 302 $,700 $,0,1741,2026-08-28,485
El puma (CT),ATS,Wotr,Deep Wells,Rock Port,588 km,621 km,98 km/h,Real,21 804 $,0 $,0,1888,2026-08-28,621
El puma (CT),ATS,Wotr,Rock Port,Epro Gas,524 km,566 km,103 km/h,Real,10 191 $,1 260 $,0,1842,2026-08-28,566
El puma (CT),ATS,Estándar,Rock Port,Wallbert,4 326 km,5 173 km,130 km/h,Real,71 755 $,0 $,1,7928,2026-08-28,5173
El puma (CT),ATS,Estándar,Rock Port,Wallbert,4 325 km,5 155 km,130 km/h,Real,131 107 $,0 $,0,7772,2026-08-28,5155
Heidy24,ATS,Estándar,Deepgrove,Sunshine Crops,162 km,163 km,127 km/h,Real,964 $,0 $,0,432,2026-08-29,163
profeta(CT),ATS,Estándar,Equos Power Transport,Deepgrove,4 065 km,5 020 km,130 km/h,Real,35 205 $,0 $,3,8021,2026-08-29,5020
Old_picotto,ATS,Wotr,Venture,Starbridge,2 202 km,452 km,112 km/h,Real,15 927 $,0 $,6,962,2026-08-29,452
andresnintendo,ATS,Estándar,big_cola,Norrfood,416 km,388 km,99 km/h,Real,1 619 $,0 $,0,5178,2026-08-29,388
ReyMisterio,ATS,Wotr,Bushnell Farms,Rail Export,841 km,932 km,120 km/h,Real,25 667 $,0 $,0,2215,2026-08-29,932
duvanpamplona88,ATS,Estándar,terminales,terminales,324 km,323 km,125 km/h,Real,6 584 $,0 $,0,3845,2026-08-29,323
ZayCruz,ATS,Estándar,ara,postobon,314 km,290 km,98 km/h,Real,5 278 $,1 460 $,0,2868,2026-08-29,290
ReyMisterio,ATS,Wotr,Bushnell Farms,Calimondo,504 km,505 km,115 km/h,Real,24 928 $,0 $,0,947,2026-08-29,505
ReyMisterio,ATS,Wotr,Calimondo,Sunshine Crops,440 km,441 km,108 km/h,Real,13 785 $,0 $,0,827,2026-08-29,441
Brayan Gamer,ATS,Estándar,Tidbit,Sea Horizon,4 162 km,5 106 km,130 km/h,Real,6 187 $,0 $,3,8398,2026-08-29,5106
Mr_Gerzon,ATS,Wotr,Apex Steel,Bitumen,3 548 km,3 769 km,121 km/h,Real,49 202 $,0 $,0,8848,2026-08-30,3769
ReyMisterio,ATS,Wotr,Bitumen,Bitumen,645 km,646 km,126 km/h,Real,10 548 $,0 $,0,1269,2026-08-30,646
profeta(CT),ETS2,Wotr,Stokes,Tradeaux,620 km,710 km,91 km/h,Real,26 759 €,0 €,1,2983,2026-08-30,710
ReyMisterio,ATS,Wotr,Deepgrove,Gallon Oil,1 898 km,1 898 km,115 km/h,Real,25 367 $,0 $,0,3559,2026-08-30,1898
ZayCruz,ATS,Wotr,Deepgrove,Gallon Oil,1 898 km,1 894 km,105 km/h,Real,25 367 $,0 $,0,3590,2026-08-30,1894
Brayan Gamer,ATS,Wotr,Deepgrove,Gallon Oil,1 898 km,1 898 km,105 km/h,Real,24 970 $,0 $,0,3611,2026-08-30,1898
Undertaker03,ATS,Wotr,Deepgrove,Gallon Oil,1 898 km,1 894 km,115 km/h,Real,25 367 $,0 $,0,3538,2026-08-30,1894
andresnintendo,ATS,Estándar,big_cola,ara,311 km,290 km,94 km/h,Real,1 492 $,0 $,0,4421,2026-08-30,290
andresnintendo,ATS,Estándar,logytech,bodegon,201 km,199 km,98 km/h,Real,1 034 $,0 $,0,2662,2026-08-30,199
CRAZY_GAMER_16,ATS,Estándar,colombina,bodegon,340 km,214 km,74 km/h,Real,985 $,0 $,0,3554,2026-08-30,214
El puma (CT),ATS,Estándar,Starbridge,Haddock Shipyard,422 km,423 km,89 km/h,Real,12 228 $,0 $,0,1226,2026-08-30,423
El puma (CT),ATS,Estándar,por_new1,por_new1,358 km,360 km,66 km/h,Real,24 665 $,0 $,0,2851,2026-08-30,360
profeta(CT),ATS,Estándar,Elimax,Wallbert,455 km,455 km,82 km/h,Real,14 074 $,0 $,0,2233,2026-08-30,455
andres guerra,ATS,Estándar,SellGoods,SellGoods,736 km,689 km,92 km/h,Real,2 211 $,0 $,0,10733,2026-08-30,689
MUISCACOL,ATS,Estándar,Gallon Oil,Gallon Oil,41 km,42 km,71 km/h,Real,932 $,0 $,0,174,2026-08-31,42
andres guerra,ATS,Estándar,homecenter,Plaster & Sons,641 km,601 km,99 km/h,Real,1 141 $,0 $,0,8683,2026-08-31,601
MUISCACOL,ATS,Estándar,AI Automotive,Peterbilt,1 km,1 km,31 km/h,Real,357 $,0 $,0,59,2026-08-31,1
MUISCACOL,ATS,Wotr,American Lines,HMS Machinery,28 km,29 km,60 km/h,Real,3 157 $,2 300 $,0,408,2026-08-31,29
ZayCruz,ATS,Estándar,Grand Pastures,Coastline Mining,315 km,315 km,125 km/h,Real,100 008 760 $,0 $,2,3743,2026-08-31,315
MUISCACOL,ATS,Wotr,Gallon Oil,Rail Export,90 km,91 km,60 km/h,Real,4 724 $,900 $,0,588,2026-08-31,91
Trucker_JJ,ATS,Wotr,Tidbit,Sunshine Crops,200 km,200 km,105 km/h,Real,1 146 $,0 $,0,473,2026-08-31,200
Yenny,ATS,Estándar,Port of SF,Venture,12 km,13 km,58 km/h,Real,1 179 $,3 500 $,0,208,2026-08-31,13
Trucker_JJ,ATS,Wotr,Sunshine Crops,SellGoods,367 km,368 km,106 km/h,Real,10 917 $,0 $,0,914,2026-08-31,368
Guardian777,ATS,Wotr,Bitumen,Bitumen,2 020 km,2 044 km,106 km/h,Real,0 $,0 $,27,4553,2026-08-31,2044
Guardian777,ATS,Estándar,Angel City Airport,Darwing,2 km,2 km,50 km/h,Real,355 $,0 $,0,116,2026-08-31,2
Guardian777,ATS,Estándar,Fish Tail Food,Rail Export,75 km,75 km,129 km/h,Real,427 $,420 $,0,437,2026-08-31,75
ZayCruz,ATS,Estándar,Enterpriser,Wallbert,1 103 km,1 105 km,106 km/h,Real,45 597 $,0 $,0,2229,2026-08-31,1105
ZayCruz,ATS,Estándar,HMS Machinery,Global Mills,1 278 km,1 590 km,129 km/h,Real,4 429 $,0 $,0,3627,2026-08-31,1590
Guardian777,ATS,Wotr,Bitumen,Vitas Power,744 km,744 km,106 km/h,Real,8 731 $,0 $,12,2043,2026-08-31,744
MUISCACOL,ATS,Wotr,Bitumen,Coastline Mining,160 km,163 km,101 km/h,Real,4 489 $,1 660 $,0,865,2026-08-31,163
MUISCACOL,ATS,Wotr,Coastline Mining,Lonestar Forwarding,341 km,342 km,84 km/h,Real,5 510 $,500 $,0,1147,2026-08-31,342
MUISCACOL,ATS,Wotr,Lonestar Forwarding,Plaster & Sons,334 km,336 km,95 km/h,Real,6 022 $,700 $,0,1165,2026-08-31,336
Mr_Gerzon,ATS,Wotr,Tera,Port of Seattle,3 865 km,4 831 km,127 km/h,Real,31 729 $,0 $,0,10214,2026-08-31,4831
MUISCACOL,ATS,Wotr,Global Mills,Enterpriser,465 km,466 km,100 km/h,Real,14 430 $,700 $,0,1456,2026-08-31,466
MUISCACOL,ATS,Wotr,Enterpriser,Rail Export,789 km,744 km,103 km/h,Real,5 166 $,2 300 $,0,2468,2026-08-31,744
BlGFOOT,ATS,Wotr,Haddock Shipyard,Steeler,3 864 km,4 830 km,118 km/h,Real,19 594 $,0 $,0,9310,2026-09-01,4830
WAJOIK13,ATS,Estándar,Deepgrove,Coastline Mining,4 000 km,5 000 km,130 km/h,Real,161 546 $,27 920 $,0,7900,2026-09-01,5000
WAJOIK13,ATS,Estándar,Sea Horizon,Rail Export,4 000 km,5 000 km,129 km/h,Real,145 666 $,7 000 $,0,7919,2026-09-01,5000
profeta(CT),ATS,Estándar,Coastline Mining,Waldens,1 105 km,1 106 km,105 km/h,Real,110 933 $,0 $,0,3046,2026-09-01,1106
CT/Cristian,ATS,Wotr,Wallbert,Apex Steel,4 000 km,4 264 km,115 km/h,Real,8 564 $,0 $,0,8429,2026-09-01,4264
ReyMisterio,ATS,Wotr,Deepgrove,Rock Port,4 000 km,5 000 km,137 km/h,Carrera,178 233 $,0 $,0,10492,2026-09-01,5000
CRAZY_GAMER_16,ATS,Wotr,Syntetico,Deepgrove,4 000 km,5 000 km,114 km/h,Real,64 088 $,0 $,0,9881,2026-09-01,5000
CRAZY_GAMER_16,ETS2,Estándar,BLT,Norrfood,128 km,130 km,100 km/h,Real,3 184 €,0 €,10,1455,2026-09-01,130
CRAZY_GAMER_16,ATS,Wotr,Peterbilt,Wallbert,4 282 km,0 km,112 km/h,Real,12 353 $,0 $,2,9570,2026-09-01,0
profeta(CT),ATS,Wotr,Wallbert,MWM,4 000 km,4 395 km,106 km/h,Real,54 588 $,0 $,0,9013,2026-09-01,4395
ReyMisterio,ATS,Wotr,Brownsville Port,HMS Machinery,3 891 km,4 864 km,124 km/h,Real,32 507 $,0 $,0,9914,2026-09-01,4864
Undertaker03,ATS,Wotr,Brownsville Port,HMS Machinery,3 891 km,4 864 km,123 km/h,Real,29 700 $,0 $,1,10027,2026-09-01,4864
BlGFOOT,ATS,Wotr,Starbridge,MWM,1 705 km,1 700 km,118 km/h,Real,31 339 $,0 $,0,3095,2026-09-01,1700
El puma (CT),ATS,Wotr,Deepgrove,Apex Steel,4 000 km,5 000 km,106 km/h,Real,127 649 $,0 $,0,9675,2026-09-01,5000
El puma (CT),ATS,Wotr,Apex Steel,HMS Machinery,3 657 km,4 571 km,108 km/h,Real,141 862 $,0 $,0,8860,2026-09-01,4571
Trucker_JJ,ATS,Estándar,Taylor Construction Group,Deepgrove,4 000 km,4 751 km,129 km/h,Real,103 851 $,0 $,0,7861,2026-09-01,4751
Trucker_JJ,ATS,Wotr,SellGoods,Plaster & Sons,2 100 km,2 100 km,110 km/h,Real,43 465 $,0 $,0,4238,2026-09-01,2100
Trucker_JJ,ATS,Estándar,Tera,Steeler,1 019 km,0 km,128 km/h,Real,11 373 $,0 $,0,1830,2026-09-01,0
Trucker_JJ,ATS,Estándar,Taylor Construction Group,Deepgrove,4 116 km,0 km,129 km/h,Real,2 538 $,0 $,24,9065,2026-09-01,0
WAJOIK13,ATS,Estándar,Venture,SellGoods,3 641 km,4 058 km,130 km/h,Real,298 469 $,18 000 $,0,6507,2026-09-01,4058
profeta(CT),ATS,Wotr,Deepgrove,Farmer's Barn,2 327 km,2 322 km,115 km/h,Real,30 641 $,0 $,0,4377,2026-09-01,2322
ReyMisterio,ATS,Wotr,Deepgrove,Farmer's Barn,2 327 km,2 325 km,123 km/h,Real,43 172 $,0 $,0,4304,2026-09-01,2325
Undertaker03,ATS,Wotr,Deepgrove,Farmer's Barn,2 327 km,2 324 km,123 km/h,Real,32 528 $,0 $,0,4240,2026-09-01,2324
CT/Cristian,ATS,Wotr,Deepgrove,Farmer's Barn,2 327 km,2 326 km,107 km/h,Real,32 528 $,0 $,0,4379,2026-09-01,2326
El puma (CT),ATS,Wotr,Deepgrove,Farmer's Barn,2 327 km,2 324 km,123 km/h,Real,43 172 $,0 $,0,4309,2026-09-01,2324
Brayan Gamer,ATS,Wotr,Deepgrove,Farmer's Barn,2 327 km,2 327 km,105 km/h,Real,32 092 $,0 $,0,4429,2026-09-01,2327
ZayCruz,ATS,Wotr,Deepgrove,Farmer's Barn,2 327 km,2 325 km,105 km/h,Real,43 172 $,0 $,0,4413,2026-09-01,2325
Mr_Gerzon,ATS,Wotr,Golden Meadows,Tidbit,3 973 km,4 966 km,122 km/h,Real,128 325 $,0 $,0,10908,2026-09-01,4966
Mr_Gerzon,ATS,Wotr,Western Star,Rock Port,4 000 km,5 000 km,122 km/h,Real,296 101 $,0 $,0,9961,2026-09-01,5000
Guardian777,ATS,Estándar,LA Seaport,AI Automotive,332 km,334 km,120 km/h,Real,6 832 954 $,280 $,1,908,2026-09-01,334
Trucker_JJ,ATS,Estándar,Coastline Mining,NAMIQ,2 085 km,0 km,129 km/h,Real,37 736 $,0 $,0,3679,2026-09-01,0
CT/Cristian,ATS,Wotr,Steeler,Kenworth,2 162 km,2 171 km,107 km/h,Real,45 627 $,0 $,1,4112,2026-09-01,2171
Brayan Gamer,ATS,Wotr,Steeler,Kenworth,2 162 km,2 170 km,106 km/h,Real,31 000 $,0 $,8,4111,2026-09-01,2170
ZayCruz,ATS,Wotr,Steeler,Kenworth,2 162 km,2 165 km,106 km/h,Real,47 686 $,0 $,0,4121,2026-09-01,2165
El puma (CT),ATS,Wotr,Farmer's Barn,42 Print,2 634 km,2 634 km,108 km/h,Real,65 373 $,0 $,0,4912,2026-09-01,2634
Guardian777,ATS,Wotr,Kenworth,Oakland Shippers,612 km,688 km,110 km/h,Real,100 406 139 $,5 600 $,2,1785,2026-09-01,688
Roger.Diaz,ATS,Wotr,SellGoods,SellGoods,2 068 km,2 072 km,109 km/h,Real,78 396 $,0 $,0,3881,2026-09-01,2072
WAJOIK13,ATS,Estándar,Venture,HMS Machinery,5 450 km,6 132 km,130 km/h,Real,250 440 $,14 580 $,0,9306,2026-09-01,6132
Mr_Gerzon,ATS,Wotr,Haddock Shipyard,MWM,3 264 km,3 314 km,125 km/h,Real,106 743 $,0 $,0,6395,2026-09-01,3314
profeta(CT),ATS,Wotr,Western Star,US Beverages & Bottling,3 295 km,3 301 km,120 km/h,Real,44 371 $,0 $,0,6867,2026-09-01,3301
Brayan Gamer,ATS,Wotr,Gallon Oil,Sunshine Crops,2 760 km,2 765 km,124 km/h,Real,146 180 $,0 $,0,5074,2026-09-01,2765
Trucker_JJ,ATS,Wotr,GARC,Mon Coeur,2 810 km,2 818 km,106 km/h,Real,39 293 $,0 $,0,5524,2026-09-01,2818
WAJOIK13,ATS,Estándar,HMS Machinery,Sunshine Crops,1 306 km,1 306 km,129 km/h,Real,32 030 $,1 400 $,0,2021,2026-09-01,1306
El puma (CT),ATS,Wotr,42 Print,Avalanche Steel,2 912 km,2 900 km,118 km/h,Real,39 360 $,0 $,0,5487,2026-09-01,2900
Juan Esteban M,ATS,Estándar,Global Mills,Avalanche Steel,1 144 km,1 153 km,130 km/h,Real,54 312 $,8 700 $,2,2660,2026-09-01,1153
Trucker_JJ,ATS,Wotr,Wallbert,Rail Export,1 059 km,1 068 km,108 km/h,Real,29 943 $,0 $,0,2469,2026-09-01,1068
andres guerra,ATS,Estándar,Deepgrove,Plaster & Sons,146 km,150 km,70 km/h,Real,719 $,0 $,0,3738,2026-09-01,150
CRAZY_GAMER_16,ATS,Wotr,SellGoods,Wallbert,3 181 km,3 257 km,119 km/h,Real,110 361 $,0 $,0,6358,2026-09-01,3257
WAJOIK13,ATS,Estándar,Sunshine Crops,Mon Coeur,7 067 km,7 492 km,130 km/h,Real,151 248 $,23 000 $,0,11293,2026-09-01,7492
Manueloso27,ATS,Wotr,Plaster & Sons,Page & Price Paper,2 772 km,3 465 km,115 km/h,Real,30 080 $,0 $,0,6679,2026-09-01,3465
ReyMisterio,ATS,Wotr,Elimax,SellGoods,3 808 km,4 737 km,126 km/h,Real,105 736 $,0 $,2,8435,2026-09-01,4737
ReyMisterio,ATS,Wotr,Tidbit,Starbridge,326 km,327 km,126 km/h,Real,1 964 $,0 $,0,628,2026-09-01,327
WAJOIK13,ATS,Estándar,Mon Coeur,Evergreen,4 610 km,5 165 km,129 km/h,Real,197 441 $,11 760 $,0,7860,2026-09-01,5165
WAJOIK13,ATS,Estándar,Vortex,Rail Export,5 148 km,5 023 km,129 km/h,Real,225 159 $,9 800 $,0,7719,2026-09-01,5023
CT/Cristian,ATS,Wotr,Syntetico,AI Automotive,3 545 km,3 542 km,105 km/h,Real,10 124 $,0 $,3,6833,2026-09-01,3542
profeta(CT),ATS,Wotr,Flavorfair,Rail Export,3 179 km,3 206 km,125 km/h,Real,110 243 $,0 $,0,6467,2026-09-01,3206
WAJOIK13,ATS,Estándar,Rail Export,Coastline Mining,4 800 km,5 379 km,130 km/h,Real,179 966 $,18 500 $,0,8245,2026-09-01,5379
BlGFOOT,ATS,Wotr,Deepgrove,Deepgrove,1 174 km,1 169 km,118 km/h,Real,6 071 $,0 $,0,2185,2026-09-01,1169
Heidy24,ATS,Wotr,Wallbert,Mon Coeur,1 581 km,1 956 km,115 km/h,Real,14 424 $,0 $,0,4053,2026-09-01,1956
ReyMisterio,ATS,Wotr,Taylor Construction Group,Plaster & Sons,2 341 km,2 319 km,112 km/h,Real,37 889 $,0 $,0,4316,2026-09-01,2319
Heidy24,ATS,Wotr,Wallbert,Charged,1 058 km,1 078 km,108 km/h,Real,1 758 $,0 $,0,2361,2026-09-01,1078
profeta(CT),ATS,Wotr,Rail Export,Rock Port,3 274 km,3 289 km,128 km/h,Real,177 411 $,0 $,0,6564,2026-09-01,3289
WAJOIK13,ATS,Estándar,Brownsville Port,Wallbert,5 191 km,5 136 km,129 km/h,Real,130 254 $,12 540 $,0,7763,2026-09-01,5136
MUISCACOL,ATS,Wotr,Coastline Mining,Kenworth,15 km,17 km,77 km/h,Real,1 086 $,0 $,0,434,2026-09-01,17
MUISCACOL,ATS,Wotr,Plaster & Sons,Plaster & Sons,1 165 km,1 183 km,100 km/h,Real,19 772 $,820 $,0,3007,2026-09-02,1183
profeta(CT),ATS,Wotr,Coastline Mining,Bitumen,1 194 km,1 187 km,127 km/h,Real,22 077 $,0 $,0,2498,2026-09-02,1187
Brayan Gamer,ATS,Wotr,Coastline Mining,Bitumen,1 194 km,1 189 km,126 km/h,Real,22 915 $,0 $,0,2467,2026-09-02,1189
El puma (CT),ATS,Wotr,Avalanche Steel,Petrolucent,3 509 km,4 119 km,107 km/h,Real,87 574 $,0 $,0,7512,2026-09-02,4119
El puma (CT),ATS,Wotr,Petrolucent,Vitas Power,813 km,813 km,114 km/h,Real,13 979 $,0 $,0,1483,2026-09-02,813
ReyMisterio,ATS,Wotr,Tidbit,HMS Machinery,2 670 km,2 673 km,125 km/h,Real,8 979 $,0 $,0,5166,2026-09-02,2673
Undertaker03,ATS,Wotr,Tidbit,HMS Machinery,2 670 km,2 669 km,127 km/h,Real,8 979 $,0 $,0,5118,2026-09-02,2669
CT/Cristian,ATS,Wotr,Tidbit,HMS Machinery,2 670 km,2 667 km,115 km/h,Real,7 621 $,0 $,3,5249,2026-09-02,2667
profeta(CT),ATS,Wotr,Peterbilt,Sunshine Crops,793 km,804 km,110 km/h,Real,2 811 $,0 $,0,1787,2026-09-02,804
Brayan Gamer,ATS,Wotr,Peterbilt,Sunshine Crops,793 km,799 km,112 km/h,Real,2 899 $,0 $,0,1795,2026-09-02,799
WAJOIK13,ATS,Estándar,Wallbert,Gallon Oil,5 345 km,5 228 km,130 km/h,Real,16 613 $,16 060 $,0,7849,2026-09-02,5228
MUISCACOL,ATS,Wotr,Plaster & Sons,Coastline Mining,942 km,943 km,95 km/h,Real,44 678 $,5 280 $,0,2868,2026-09-02,943
ReyMisterio,ATS,Wotr,Charged,US Beverages & Bottling,1 327 km,1 331 km,123 km/h,Real,22 168 $,0 $,0,2431,2026-09-02,1331
CT/Cristian,ATS,Wotr,Charged,US Beverages & Bottling,1 327 km,1 328 km,115 km/h,Real,22 168 $,0 $,0,2467,2026-09-02,1328
profeta(CT),ATS,Wotr,Charged,US Beverages & Bottling,1 327 km,1 330 km,121 km/h,Real,21 164 $,0 $,0,2462,2026-09-02,1330
El puma (CT),ATS,Wotr,Charged,US Beverages & Bottling,1 327 km,1 328 km,106 km/h,Real,22 168 $,0 $,0,2463,2026-09-02,1328
Brayan Gamer,ATS,Wotr,Charged,US Beverages & Bottling,1 327 km,1 328 km,121 km/h,Real,20 066 $,0 $,2,2500,2026-09-02,1328
Undertaker03,ATS,Wotr,Charged,US Beverages & Bottling,1 327 km,1 360 km,126 km/h,Real,22 168 $,0 $,0,2511,2026-09-02,1360
ZayCruz,ATS,Wotr,Charged,US Beverages & Bottling,1 327 km,1 329 km,105 km/h,Real,22 168 $,0 $,0,2484,2026-09-02,1329
Brayan Gamer,ATS,Wotr,Wallbert,42 Print,2 092 km,2 092 km,121 km/h,Real,44 883 $,0 $,0,3945,2026-09-02,2092
profeta(CT),ATS,Wotr,Wallbert,42 Print,2 092 km,2 093 km,123 km/h,Real,43 063 $,0 $,0,3982,2026-09-02,2093
Undertaker03,ATS,Wotr,Wallbert,42 Print,2 092 km,2 089 km,125 km/h,Real,45 086 $,0 $,0,3811,2026-09-02,2089
ZayCruz,ATS,Wotr,Wallbert,42 Print,2 092 km,2 096 km,106 km/h,Real,45 086 $,0 $,0,4022,2026-09-02,2096
Trucker_JJ,ATS,Wotr,Steeler,Farmer's Barn,1 260 km,1 317 km,107 km/h,Real,7 431 $,0 $,0,2664,2026-09-02,1317
El puma (CT),ATS,Wotr,Wallbert,42 Print,2 092 km,2 109 km,124 km/h,Real,45 086 $,0 $,0,3874,2026-09-02,2109
WAJOIK13,ATS,Estándar,Gallon Oil,Enterpriser,5 491 km,5 153 km,130 km/h,Real,74 602 $,32 320 $,0,8053,2026-09-02,5153
Trucker_JJ,ATS,Wotr,Farmer's Barn,Venture,1 047 km,1 196 km,106 km/h,Real,13 793 $,0 $,0,2427,2026-09-02,1196
Mr_Gerzon,ATS,Wotr,Wallbert,AI Automotive,2 195 km,2 650 km,113 km/h,Real,4 402 $,0 $,0,5767,2026-09-02,2650
Mr_Gerzon,ATS,Estándar,Sea Horizon,NAMIQ,2 670 km,2 320 km,130 km/h,Real,6 929 $,0 $,0,4303,2026-09-02,2320
Mr_Gerzon,ATS,Estándar,NAMIQ,Coastline Mining,1 914 km,2 139 km,130 km/h,Real,32 258 $,0 $,1,4407,2026-09-02,2139
Mr_Gerzon,ATS,Estándar,Coastline Mining,NAMIQ,3 441 km,4 302 km,130 km/h,Real,60 262 $,0 $,0,7067,2026-09-02,4302
Mr_Gerzon,ATS,Wotr,Enterpriser,Starbridge,1 760 km,2 200 km,121 km/h,Real,75 166 $,0 $,0,5473,2026-09-02,2200
Brayan Gamer,ATS,Wotr,US Beverages & Bottling,Bitumen,1 623 km,1 618 km,115 km/h,Real,18 965 $,0 $,3,3340,2026-09-02,1618
ELLUCHOMB,ATS,Estándar,Gallon Oil,Gallon Oil,350 km,438 km,121 km/h,Real,6 760 $,860 $,1,1707,2026-09-02,438
WAJOIK13,ATS,Estándar,Deepgrove,Steelion Customs,4 142 km,3 910 km,129 km/h,Real,9 987 $,10 680 $,0,6063,2026-09-02,3910
Heidy24,ATS,Wotr,Charged,Enterpriser,908 km,916 km,113 km/h,Real,3 510 $,0 $,0,2138,2026-09-02,916
Old_picotto,ATS,Wotr,Rock Port,Sunshine Crops,2 867 km,2 882 km,114 km/h,Real,54 840 $,0 $,0,6129,2026-09-02,2882
Mr_Gerzon,ATS,Wotr,Starbridge,Global Mills,2 317 km,2 764 km,119 km/h,Real,45 044 $,0 $,0,6279,2026-09-02,2764
CRAZY_GAMER_16,ATS,Wotr,Elimax,Farmer's Barn,3 240 km,3 238 km,113 km/h,Real,70 431 $,0 $,0,6368,2026-09-02,3238
WAJOIK13,ATS,Estándar,Equos Power Transport,Myroo,1 586 km,1 735 km,130 km/h,Real,29 955 $,14 040 $,0,2652,2026-09-02,1735
WAJOIK13,ATS,Estándar,Myroo,HMS Machinery,1 057 km,1 057 km,129 km/h,Real,3 769 $,2 100 $,0,1602,2026-09-02,1057
WAJOIK13,ATS,Wotr,Corpus Christi Cargo Terminal,Venture,3 629 km,3 892 km,117 km/h,Real,117 883 $,11 500 $,0,7299,2026-09-02,3892
profeta(CT),ATS,Wotr,Wallbert,Deepgrove,3 796 km,3 797 km,115 km/h,Real,12 036 $,0 $,0,7238,2026-09-02,3797
ReyMisterio,ATS,Wotr,Wallbert,Deepgrove,3 796 km,3 802 km,117 km/h,Real,12 513 $,0 $,0,7211,2026-09-02,3802
BlGFOOT,ATS,Wotr,Wallbert,Heartwood Furniture,3 562 km,4 054 km,119 km/h,Real,11 670 $,0 $,0,7295,2026-09-02,4054
profeta(CT),ATS,Wotr,Rock Port,Home Store,3 644 km,3 645 km,123 km/h,Real,106 504 $,0 $,0,7028,2026-09-02,3645
ReyMisterio,ATS,Wotr,Rock Port,Home Store,3 644 km,3 644 km,124 km/h,Real,110 917 $,0 $,0,7021,2026-09-02,3644
WAJOIK13,ATS,Wotr,Venture,Equos Power Transport,4 038 km,5 038 km,113 km/h,Real,83 400 $,15 640 $,0,9511,2026-09-02,5038
CT/Cristian,ATS,Wotr,Rock Port,Home Store,3 644 km,3 668 km,125 km/h,Real,110 917 $,0 $,0,7129,2026-09-02,3668
Camilo Gang,ATS,Wotr,Angel City Airport,Lumen auto,1 228 km,1 259 km,105 km/h,Real,48 514 $,0 $,3,2798,2026-09-02,1259
El puma (CT),ATS,Wotr,Plaster & Sons,Taylor Construction Group,3 082 km,3 084 km,106 km/h,Real,142 805 $,0 $,1,5727,2026-09-02,3084
Mr_Gerzon,ATS,Wotr,Fish Tail Food,Elimax,4 064 km,5 064 km,122 km/h,Real,155 456 $,0 $,0,10666,2026-09-02,5064
BlGFOOT,ATS,Wotr,Heartwood Furniture,Home Store,3 312 km,3 995 km,129 km/h,Real,51 081 $,0 $,0,7316,2026-09-02,3995
CRAZY_GAMER_16,ATS,Wotr,Apade,GARC,3 584 km,3 692 km,106 km/h,Real,131 030 $,0 $,3,7029,2026-09-02,3692
El puma (CT),ATS,Wotr,Taylor Construction Group,Technoma,2 585 km,2 586 km,106 km/h,Real,66 331 $,0 $,0,4725,2026-09-02,2586
BlGFOOT,ATS,Wotr,Bushnell Farms,HMS Machinery,1 179 km,1 096 km,113 km/h,Real,21 994 $,0 $,0,2543,2026-09-02,1096
Heidy24,ATS,Wotr,Bushnell Farms,HMS Machinery,1 179 km,1 109 km,112 km/h,Real,33 445 $,0 $,0,3013,2026-09-02,1109
MUISCACOL,ATS,Wotr,Coastline Mining,Coastline Mining,913 km,1 086 km,89 km/h,Real,27 959 $,4 100 $,0,3842,2026-09-02,1086
WAJOIK13,ATS,Wotr,Deepgrove,Chuck & Jack's,4 019 km,5 019 km,117 km/h,Real,131 297 $,22 980 $,0,9770,2026-09-02,5019
Mr_Gerzon,ATS,Wotr,Home Store,Waldens,3 467 km,4 334 km,128 km/h,Real,43 775 $,0 $,0,8277,2026-09-02,4334
El puma (CT),ATS,Wotr,Technoma,Faraday,2 302 km,2 318 km,106 km/h,Real,87 838 $,0 $,0,4269,2026-09-02,2318
MUISCACOL,ATS,Estándar,Eddy's,42 Print,1 181 km,848 km,131 km/h,Carrera,28 278 $,5 500 $,2,1831,2026-09-02,848
CT/Cristian,ATS,Wotr,SellGoods,Equos Power Transport,2 847 km,2 848 km,123 km/h,Real,110 712 $,0 $,0,5341,2026-09-03,2848
Trucker_JJ,ATS,Wotr,Taylor Construction Group,Avalanche Steel,3 704 km,4 359 km,126 km/h,Real,12 069 $,0 $,0,8020,2026-09-03,4359
WAJOIK13,ATS,Wotr,Chuck & Jack's,Sunshine Crops,2 982 km,3 193 km,121 km/h,Real,131 032 $,5 600 $,0,5883,2026-09-03,3193
CRAZY_GAMER_16,ETS2,Estándar,Trasporti Mediterraneo,Fallow Cargo,1 097 km,413 km,81 km/h,Real,10 469 €,0 €,0,2269,2026-09-03,413
Mr_Gerzon,ETS2,Estándar,Trasporti Mediterraneo,Fallow Cargo,1 097 km,415 km,86 km/h,Real,11 315 €,0 €,0,2270,2026-09-03,415
Old_picotto,ATS,Wotr,Sunshine Crops,Rock Port,2 873 km,2 906 km,127 km/h,Real,113 109 $,0 $,0,6588,2026-09-03,2906
CRAZY_GAMER_16,ETS2,Estándar,Fallow Cargo,Tesoro Gustoso,565 km,344 km,87 km/h,Real,8 404 €,680 €,0,1819,2026-09-03,344
Mr_Gerzon,ETS2,Estándar,Fallow Cargo,Tesoro Gustoso,565 km,342 km,81 km/h,Real,9 169 €,360 €,0,1833,2026-09-03,342
El puma (CT),ATS,Wotr,Faraday,18 Wheels,3 061 km,3 060 km,106 km/h,Real,46 525 $,0 $,1,5722,2026-09-03,3060
ELLUCHOMB,ATS,Estándar,Gallon Oil,HMS Machinery,374 km,467 km,116 km/h,Real,4 339 $,700 $,0,3471,2026-09-03,467
CRAZY_GAMER_16,ATS,Wotr,Wallbert,MWM,4 309 km,5 278 km,113 km/h,Real,126 971 $,0 $,0,9998,2026-09-03,5278
ZayCruz,ATS,Wotr,Plaster & Sons,GARC,3 262 km,3 280 km,110 km/h,Real,219 573 $,0 $,0,6928,2026-09-03,3280
profeta(CT),ATS,Wotr,Peterbilt,Shop Town,2 720 km,2 349 km,108 km/h,Real,4 716 $,0 $,0,5224,2026-09-03,2349
WAJOIK13,ATS,Wotr,Sunshine Crops,Venture,3 043 km,3 538 km,123 km/h,Real,115 730 $,5 800 $,0,6442,2026-09-03,3538
CT/Cristian,ATS,Wotr,Eddy's,GARC,3 140 km,3 131 km,115 km/h,Real,80 270 $,0 $,0,6262,2026-09-03,3131
ELLUCHOMB,ATS,Estándar,Gallon Oil,Gallon Oil,397 km,399 km,126 km/h,Real,8 081 $,260 $,0,1477,2026-09-03,399
Brayan Gamer,ATS,Wotr,Starbridge,SellGoods,1 924 km,1 932 km,119 km/h,Real,8 188 927 $,0 $,0,3791,2026-09-03,1932
El puma (CT),ATS,Wotr,Gallon Oil,Deepgrove,2 698 km,2 320 km,114 km/h,Real,33 452 $,0 $,0,4983,2026-09-03,2320
profeta(CT),ATS,Wotr,Gallon Oil,Deepgrove,2 698 km,2 310 km,125 km/h,Real,33 004 $,0 $,0,5243,2026-09-03,2310
ELLUCHOMB,ATS,Estándar,Rail Export,Rail Export,343 km,353 km,108 km/h,Real,7 765 $,780 $,1,1644,2026-09-03,353
Brayan Gamer,ATS,Wotr,SellGoods,SellGoods,1 765 km,1 766 km,114 km/h,Real,4 904 452 $,0 $,0,3672,2026-09-03,1766
ZayCruz,ATS,Wotr,NAMIQ,Plaster & Sons,3 546 km,3 549 km,106 km/h,Real,180 287 $,0 $,0,7260,2026-09-03,3549
WAJOIK13,ATS,Wotr,Venture,Gallon Oil,3 746 km,4 508 km,122 km/h,Real,158 804 $,8 400 $,0,8387,2026-09-03,4508
Brayan Gamer,ATS,Wotr,Global Mills,Enterpriser,2 317 km,2 319 km,116 km/h,Real,6 720 300 $,0 $,1,4844,2026-09-03,2319
ELLUCHOMB,ATS,Wotr,Farmer's Barn,Farmer's Barn,979 km,979 km,112 km/h,Real,100 365 952 $,0 $,0,2781,2026-09-03,979
ReyMisterio,ATS,Wotr,Kenworth,Kenworth,2 242 km,2 246 km,119 km/h,Real,157 805 $,0 $,0,4192,2026-09-03,2246
Mr_Gerzon,ATS,Wotr,Steeler,Mary's Cotton,3 135 km,3 251 km,112 km/h,Real,42 328 $,0 $,0,6252,2026-09-03,3251
WAJOIK13,ATS,Wotr,Enterpriser,Wallbert,2 515 km,2 515 km,123 km/h,Real,96 458 $,10 600 $,0,4857,2026-09-03,2515
WAJOIK13,ATS,Wotr,Wallbert,Starbridge,2 309 km,2 552 km,112 km/h,Real,36 259 $,7 620 $,0,4794,2026-09-03,2552
El puma (CT),ATS,Wotr,18 Wheels,Alis Cars,2 250 km,2 250 km,106 km/h,Real,21 452 $,0 $,0,4272,2026-09-03,2250
profeta(CT),ATS,Wotr,Peterbilt,Vortex,2 548 km,2 582 km,116 km/h,Real,8 098 $,0 $,0,4971,2026-09-03,2582
ReyMisterio,ATS,Wotr,42 Print,Venture,3 613 km,3 898 km,126 km/h,Real,142 125 $,0 $,0,7415,2026-09-03,3898
CT/Cristian,ATS,Wotr,Vortex,Bitumen,2 157 km,2 156 km,116 km/h,Real,68 204 $,0 $,0,4123,2026-09-03,2156
ReyMisterio,ATS,Wotr,Bitumen,HMS Machinery,990 km,993 km,124 km/h,Real,30 386 $,0 $,0,1996,2026-09-03,993
Undertaker03,ATS,Wotr,Bitumen,HMS Machinery,990 km,989 km,126 km/h,Real,28 996 $,0 $,1,1945,2026-09-03,989
WAJOIK13,ATS,Wotr,Starbridge,Mary's Cotton,4 037 km,5 037 km,120 km/h,Real,138 482 $,14 020 $,0,9280,2026-09-03,5037
CT/Cristian,ATS,Wotr,Bitumen,HMS Machinery,990 km,999 km,123 km/h,Real,30 386 $,0 $,0,2049,2026-09-03,999
BlGFOOT,ATS,Wotr,Peterbilt,Taylor Construction Group,3 652 km,4 415 km,118 km/h,Real,4 730 $,0 $,0,7870,2026-09-03,4415
ELLUCHOMB,ATS,Wotr,Bitumen,HMS Machinery,990 km,992 km,112 km/h,Real,29 641 $,0 $,0,2148,2026-09-03,992
ELLUCHOMB,ATS,Wotr,Deepgrove,Enterpriser,1 200 km,1 200 km,114 km/h,Real,39 577 $,0 $,2,2770,2026-09-03,1200
Mr_Gerzon,ATS,Wotr,Mary's Cotton,GF Cargo,3 048 km,3 279 km,110 km/h,Real,44 322 $,0 $,0,6672,2026-09-03,3279
Camilo Gang,ATS,Wotr,Bitumen,HMS Machinery,845 km,845 km,105 km/h,Real,21 212 $,0 $,4,1710,2026-09-03,845
ReyMisterio,ATS,Wotr,Bushnell Farms,Rail Export,623 km,627 km,114 km/h,Real,18 781 $,0 $,0,1216,2026-09-03,627
WAJOIK13,ATS,Wotr,Sea Horizon,Faraday,3 476 km,4 079 km,128 km/h,Real,233 937 $,7 960 $,0,7625,2026-09-03,4079
profeta(CT),ATS,Wotr,Vortex,Bitumen,2 157 km,2 308 km,116 km/h,Real,54 919 $,0 $,4,4616,2026-09-03,2308
ReyMisterio,ATS,Wotr,Rail Export,Calimondo,202 km,202 km,105 km/h,Real,6 244 $,0 $,0,409,2026-09-03,202
ELLUCHOMB,ATS,Wotr,Home Store,Enterpriser,526 km,529 km,117 km/h,Real,7 415 $,0 $,0,1217,2026-09-03,529
Mr_Gerzon,ATS,Wotr,GF Cargo,Alis Cars,2 768 km,2 730 km,111 km/h,Real,119 519 $,0 $,0,5268,2026-09-03,2730
Undertaker03,ATS,Wotr,HMS Machinery,Mary's Cotton,3 592 km,3 597 km,125 km/h,Real,234 057 $,0 $,0,7124,2026-09-03,3597
ReyMisterio,ATS,Wotr,Tidbit,Rail Export,1 146 km,1 147 km,128 km/h,Real,29 773 $,0 $,0,2297,2026-09-03,1147
profeta(CT),ATS,Wotr,Tidbit,Rail Export,1 146 km,1 146 km,113 km/h,Real,28 687 $,0 $,0,2402,2026-09-03,1146
ELLUCHOMB,ATS,Wotr,Tidbit,Rail Export,1 146 km,1 147 km,129 km/h,Real,27 327 $,0 $,1,2448,2026-09-03,1147
Juan Esteban M,ATS,Estándar,terminales,terminales,248 km,253 km,129 km/h,Real,0 $,32 440 $,74,2892,2026-09-03,253
Mr_Gerzon,ATS,Wotr,Alis Cars,Rail Export,2 601 km,2 651 km,123 km/h,Real,164 718 $,0 $,0,5018,2026-09-03,2651
ReyMisterio,ATS,Wotr,Kenworth,Kenworth,1 174 km,1 248 km,125 km/h,Real,81 445 $,0 $,0,2864,2026-09-03,1248
Undertaker03,ATS,Wotr,Kenworth,Kenworth,1 174 km,1 249 km,128 km/h,Real,81 445 $,0 $,0,3117,2026-09-03,1249
WAJOIK13,ATS,Wotr,Sea Horizon,GARC,3 888 km,4 384 km,117 km/h,Real,160 162 $,7 700 $,0,8071,2026-09-03,4384
Juan Esteban M,ATS,Estándar,Wallbert,Alis Cars,881 km,888 km,130 km/h,Real,0 $,9 700 $,32,2100,2026-09-03,888
WAJOIK13,ATS,Wotr,Houston Intercont. Airport,Angel City Airport,2 559 km,2 560 km,111 km/h,Real,67 387 $,6 500 $,0,4663,2026-09-04,2560
Juan Esteban M,ATS,Estándar,Alis Cars,Bushnell Farms,2 572 km,2 618 km,130 km/h,Real,0 $,24 260 $,48,5479,2026-09-04,2618
profeta(CT),ATS,Wotr,Deepgrove,Faraday,3 941 km,3 960 km,119 km/h,Real,94 021 $,0 $,2,7894,2026-09-04,3960
Brayan Gamer,ATS,Wotr,Coastline Mining,NAMIQ,2 281 km,2 308 km,117 km/h,Real,9 615 015 $,0 $,0,5019,2026-09-04,2308
WAJOIK13,ATS,Wotr,Angel City Airport,Chicago International Airport,3 322 km,3 507 km,114 km/h,Real,210 213 $,2 800 $,0,6564,2026-09-04,3507
El puma (CT),ATS,Wotr,Alis Cars,Lumen auto,2 458 km,2 816 km,108 km/h,Real,139 966 $,0 $,0,5249,2026-09-04,2816
Roger.Diaz,ATS,Wotr,Enterpriser,Houston Cargo Terminal,3 469 km,3 490 km,110 km/h,Real,41 782 $,0 $,0,6549,2026-09-04,3490
ZayCruz,ATS,Wotr,Wallbert,Venture,3 739 km,4 075 km,106 km/h,Real,64 198 $,0 $,0,8063,2026-09-04,4075
CT/Cristian,ATS,Wotr,Wallbert,Venture,3 739 km,4 084 km,123 km/h,Real,64 198 $,0 $,0,8176,2026-09-04,4084
Brayan Gamer,ATS,Wotr,NAMIQ,Bitumen,2 032 km,2 032 km,118 km/h,Real,7 077 439 $,0 $,0,4180,2026-09-04,2032
ELLUCHOMB,ATS,Wotr,Elegrid,Lumen auto,101 km,103 km,113 km/h,Real,100 012 996 $,0 $,14,474,2026-09-04,103
Juan Esteban M,ATS,Wotr,MWM,Bitumen,20 km,21 km,105 km/h,Real,1 036 $,700 $,0,148,2026-09-04,21
ELLUCHOMB,ATS,Estándar,Bitumen,Bushnell Farms,1 659 km,1 664 km,135 km/h,Carrera,58 711 315 $,0 $,4,3814,2026-09-04,1664
Roger.Diaz,ATS,Wotr,Space Park,Port of SF,3 155 km,3 276 km,110 km/h,Real,45 858 $,0 $,0,6406,2026-09-04,3276
ReyMisterio,ATS,Wotr,Sea Horizon,Global Mills,2 858 km,2 860 km,120 km/h,Real,76 684 $,0 $,0,5424,2026-09-04,2860
CT/Cristian,ATS,Wotr,Sea Horizon,Global Mills,2 858 km,2 856 km,117 km/h,Real,76 684 $,0 $,0,5474,2026-09-04,2856
Mr_Gerzon,ATS,Wotr,Rail Export,Apex Steel,2 948 km,3 165 km,117 km/h,Real,43 560 $,0 $,8,6171,2026-09-04,3165
profeta(CT),ATS,Wotr,Vortex,Drake Cars,4 138 km,5 124 km,118 km/h,Real,11 798 $,0 $,3,9646,2026-09-04,5124
WAJOIK13,ATS,Wotr,US Beverages & Bottling,Sea Horizon,4 265 km,5 200 km,115 km/h,Real,132 507 $,13 500 $,0,9769,2026-09-04,5200
El puma (CT),ATS,Wotr,Syntetico,Starbridge,4 017 km,5 015 km,113 km/h,Real,73 468 $,0 $,10,9465,2026-09-04,5015
Camilo Gang,ATS,Wotr,Enterpriser,Eddy's,1 034 km,1 035 km,105 km/h,Real,3 628 $,0 $,0,2079,2026-09-04,1035
Camilo Gang,ATS,Wotr,GPW,American Lines,484 km,553 km,105 km/h,Real,21 403 $,0 $,0,1234,2026-09-04,553
CT/Cristian,ATS,Wotr,Avalanche Steel,Apex Steel,4 098 km,5 022 km,116 km/h,Real,143 462 $,0 $,4,9303,2026-09-04,5022
El puma (CT),ATS,Wotr,Starbridge,Wallbert,3 832 km,4 405 km,122 km/h,Real,147 475 $,0 $,0,8100,2026-09-04,4405
WAJOIK13,ATS,Wotr,Fish Tail Food,Apex Steel,4 207 km,5 207 km,115 km/h,Real,130 714 $,17 160 $,0,9797,2026-09-04,5207
WAJOIK13,ATS,Wotr,Apex Steel,American Lines,2 002 km,2 503 km,113 km/h,Real,24 978 $,14 500 $,0,4832,2026-09-04,2503
ReyMisterio,ATS,Wotr,Avalanche Steel,Apex Steel,4 098 km,5 098 km,121 km/h,Real,166 077 $,0 $,1,9675,2026-09-04,5098
profeta(CT),ATS,Wotr,Avalanche Steel,Apex Steel,4 098 km,5 012 km,122 km/h,Real,170 158 $,0 $,0,9299,2026-09-04,5012
WAJOIK13,ATS,Wotr,American Lines,Apex Steel,2 194 km,2 632 km,113 km/h,Real,51 567 $,4 900 $,0,4844,2026-09-04,2632
El puma (CT),ATS,Wotr,Wallbert,Starbridge,3 217 km,3 220 km,106 km/h,Real,28 502 $,0 $,0,5791,2026-09-04,3220
Camilo Gang,ATS,Wotr,Chemso Ltd.,Home Store,1 165 km,1 134 km,105 km/h,Real,13 076 $,0 $,0,2357,2026-09-04,1134
MUISCACOL,ATS,Estándar,fre_bak1,fre_bak1,115 km,118 km,64 km/h,Real,6 130 $,0 $,0,717,2026-09-04,118
Camilo Gang,ATS,Wotr,Starbridge,Gallon Oil,1 125 km,1 118 km,105 km/h,Real,19 842 $,0 $,0,2190,2026-09-04,1118
El puma (CT),ATS,Wotr,Starbridge,Ultimus,3 125 km,3 124 km,110 km/h,Real,63 944 $,0 $,0,5625,2026-09-04,3124
CT/Cristian,ATS,Wotr,Kenworth,Kenworth,1 186 km,1 184 km,114 km/h,Real,82 275 $,0 $,0,2714,2026-09-04,1184
WAJOIK13,ATS,Wotr,Western Star,Global Mills,3 350 km,4 157 km,111 km/h,Real,11 114 $,23 280 $,0,7671,2026-09-04,4157
MUISCACOL,ATS,Wotr,Chemso Ltd.,Gastream,864 km,888 km,107 km/h,Real,49 829 $,2 500 $,1,2332,2026-09-04,888
profeta(CT),ATS,Wotr,Peterbilt,Waldens,1 806 km,1 852 km,109 km/h,Real,3 306 $,0 $,0,3619,2026-09-04,1852
El puma (CT),ATS,Wotr,Ultimus,Sea Horizon,3 708 km,4 506 km,106 km/h,Real,149 690 $,0 $,0,8089,2026-09-04,4506
WAJOIK13,ATS,Wotr,Shop Town,Starbridge,3 853 km,4 459 km,115 km/h,Real,66 138 $,15 500 $,0,8270,2026-09-04,4459
Mr_Gerzon,ATS,Wotr,Apex Steel,Steeler,3 920 km,4 828 km,127 km/h,Real,52 989 $,0 $,0,9495,2026-09-04,4828
MUISCACOL,ATS,Wotr,Gastream,Starbridge,1 300 km,1 508 km,119 km/h,Real,23 062 $,900 $,0,3852,2026-09-04,1508
BlGFOOT,ATS,Wotr,Home Store,Fish Tail Food,3 714 km,4 580 km,130 km/h,Real,21 153 $,0 $,0,8284,2026-09-04,4580
Mr_Gerzon,ATS,Wotr,Steeler,Global Mills,3 495 km,4 113 km,122 km/h,Real,39 407 $,0 $,2,8828,2026-09-05,4113
WAJOIK13,ATS,Wotr,Elimax,HMS Machinery,3 962 km,4 705 km,115 km/h,Real,121 023 $,9 540 $,0,8677,2026-09-05,4705
profeta(CT),ATS,Wotr,Wanderlust,Rail Export,3 836 km,4 777 km,116 km/h,Real,174 597 $,0 $,0,9338,2026-09-05,4777
El puma (CT),ATS,Wotr,Sea Horizon,Aqua Vista,3 633 km,3 635 km,115 km/h,Real,123 283 $,0 $,9,6936,2026-09-05,3635
ZayCruz,ATS,Wotr,Taylor Construction Group,Plaster & Sons,3 492 km,3 569 km,106 km/h,Real,108 366 $,0 $,0,7132,2026-09-05,3569
WAJOIK13,ATS,Wotr,Sea Horizon,Epro Gas,3 960 km,4 724 km,114 km/h,Real,106 021 $,11 400 $,0,8668,2026-09-05,4724
ZayCruz,ATS,Wotr,X-Tech Machinery,Nielsen Roads,1 001 km,1 002 km,104 km/h,Real,26 952 $,0 $,0,2097,2026-09-05,1002
Mr_Gerzon,ATS,Wotr,Sea Horizon,Pulaski County Airport,3 746 km,4 683 km,129 km/h,Real,106 686 $,0 $,0,10723,2026-09-05,4683
El puma (CT),ATS,Wotr,Aqua Vista,Steeler,2 802 km,2 865 km,110 km/h,Real,38 501 $,0 $,0,5512,2026-09-05,2865
profeta(CT),ATS,Wotr,Bitumen,Johnson and Smith,3 677 km,4 551 km,111 km/h,Real,169 424 $,0 $,0,8843,2026-09-05,4551
Trucker_JJ,ATS,Wotr,Sea Horizon,GARC,3 763 km,4 704 km,130 km/h,Real,153 406 $,0 $,0,9253,2026-09-05,4704
ZayCruz,ATS,Wotr,Home Store,Global Mills,1 052 km,1 053 km,104 km/h,Real,14 370 $,0 $,0,2206,2026-09-05,1053
Guardian777,ATS,Wotr,Enterpriser,Enterpriser,1 058 km,1 063 km,110 km/h,Real,0 $,0 $,28,2531,2026-09-05,1063
WAJOIK13,ATS,Wotr,Epro Gas,Plaster & Sons,2 205 km,2 512 km,112 km/h,Real,60 849 $,12 800 $,0,4640,2026-09-05,2512
ReyMisterio,ATS,Wotr,Equos Power Transport,Rail Export,3 860 km,4 499 km,125 km/h,Real,117 921 $,0 $,0,8149,2026-09-05,4499
Trucker_JJ,ATS,Wotr,Dynamix,Deep Wells,1 039 km,1 225 km,110 km/h,Real,39 603 $,0 $,1,2435,2026-09-05,1225
Guardian777,ATS,Wotr,SellGoods,Venture,605 km,603 km,110 km/h,Real,25 819 $,0 $,0,1162,2026-09-05,603
El puma (CT),ATS,Wotr,Steeler,Vitas Power,2 482 km,2 609 km,108 km/h,Real,56 253 $,0 $,0,4943,2026-09-05,2609
profeta(CT),ATS,Wotr,Johnson and Smith,Rail Export,2 329 km,2 331 km,108 km/h,Real,35 258 $,0 $,0,4664,2026-09-05,2331
Heidy24,ATS,Wotr,Home Store,Rail Export,1 000 km,1 102 km,116 km/h,Real,10 458 $,0 $,0,2402,2026-09-05,1102
Mr_Gerzon,ATS,Wotr,Kenworth,Kenworth,3 935 km,4 919 km,121 km/h,Real,267 248 $,0 $,1,10190,2026-09-05,4919
WAJOIK13,ATS,Wotr,Syntetico,Enterpriser,3 930 km,4 534 km,115 km/h,Real,131 367 $,18 980 $,0,8370,2026-09-05,4534
BlGFOOT,ATS,Wotr,Wallbert,Equos Power Transport,3 833 km,4 411 km,125 km/h,Real,42 326 $,0 $,0,7928,2026-09-05,4411
WAJOIK13,ATS,Wotr,Enterpriser,Venture,3 790 km,4 241 km,117 km/h,Real,123 409 $,23 060 $,0,7863,2026-09-05,4241
WAJOIK13,ATS,Wotr,Equos Power Transport,Eddy's,3 753 km,4 357 km,115 km/h,Real,76 969 $,9 100 $,0,8180,2026-09-05,4357
ZayCruz,ATS,Wotr,Tidbit,GARC,3 973 km,3 984 km,107 km/h,Real,118 655 $,0 $,0,8061,2026-09-05,3984
El puma (CT),ATS,Wotr,Vitas Power,Apade,2 088 km,2 088 km,106 km/h,Real,26 157 $,0 $,0,3956,2026-09-05,2088
WAJOIK13,ATS,Wotr,Eddy's,Avalanche Steel,3 165 km,3 454 km,111 km/h,Real,10 533 $,9 100 $,0,6386,2026-09-05,3454
Juan Esteban M,ATS,Wotr,Plaster & Sons,Plaster & Sons,765 km,766 km,108 km/h,Real,14 820 $,21 200 $,4,2148,2026-09-05,766
El puma (CT),ATS,Wotr,Apade,Rock Port,1 717 km,1 711 km,106 km/h,Real,18 618 $,0 $,0,3241,2026-09-05,1711
Undertaker03,ATS,Wotr,Equos Power Transport,Starbridge,2 207 km,2 202 km,122 km/h,Real,85 047 $,0 $,0,4665,2026-09-05,2202
profeta(CT),ATS,Wotr,Flavorfair,Coastline Mining,4 232 km,5 232 km,120 km/h,Real,68 753 $,0 $,0,11102,2026-09-05,5232
WAJOIK13,ATS,Wotr,Avalanche Steel,NAMIQ,1 673 km,1 671 km,107 km/h,Real,83 600 $,5 380 $,0,3169,2026-09-05,1671
MUISCACOL,ATS,Wotr,Rail Export,Sunshine Crops,151 km,151 km,97 km/h,Real,100 085 955 $,0 $,0,569,2026-09-05,151
El puma (CT),ATS,Wotr,Rock Port,Rail Export,1 910 km,1 911 km,106 km/h,Real,123 077 $,0 $,0,3635,2026-09-05,1911
Juan Esteban M,ATS,Wotr,Apade,Enterpriser,1 637 km,1 654 km,114 km/h,Real,45 552 $,48 560 $,10,4306,2026-09-05,1654
Juan Esteban M,ATS,Wotr,Enterpriser,Shop Town,330 km,331 km,115 km/h,Real,7 959 $,23 200 $,5,1048,2026-09-06,331
BlGFOOT,ATS,Wotr,Apex Steel,Coastline Mining,4 040 km,4 742 km,119 km/h,Real,103 264 $,0 $,0,8637,2026-09-06,4742
Juan Esteban M,ATS,Estándar,Coastline Mining,Port of Seattle,3 km,3 km,67 km/h,Real,22 359 $,380 $,0,146,2026-09-06,3
Yenny,ATS,Estándar,SellGoods,Enterpriser,601 km,596 km,108 km/h,Real,20 623 $,4 200 $,3,1569,2026-09-06,596
Mr_Gerzon,ATS,Wotr,Deepgrove,Golden Meadows,4 076 km,5 076 km,129 km/h,Real,48 690 $,0 $,0,11447,2026-09-06,5076
Roger.Diaz,ATS,Wotr,Plaster & Sons,Peterbilt,3 555 km,3 634 km,114 km/h,Real,7 055 $,0 $,0,6913,2026-09-06,3634
Yenny,ATS,Estándar,Enterpriser,Shop Town,158 km,158 km,113 km/h,Real,7 011 $,700 $,0,448,2026-09-06,158
WAJOIK13,ATS,Wotr,Sea Horizon,Faraday,3 951 km,4 522 km,114 km/h,Real,54 723 $,9 100 $,0,8478,2026-09-06,4522
ZayCruz,ATS,Wotr,US Beverages & Bottling,Coastline Mining,4 071 km,4 108 km,108 km/h,Real,99 847 $,0 $,2,8385,2026-09-06,4108
Brayan Gamer,ATS,Estándar,Bitumen,Coastline Mining,1 451 km,1 624 km,129 km/h,Real,9 898 265 $,0 $,3,3241,2026-09-06,1624
MUISCACOL,ATS,Wotr,Sunshine Crops,Plaster & Sons,1 155 km,1 316 km,105 km/h,Real,57 008 $,9 400 $,0,4663,2026-09-06,1316
Mr_Gerzon,ATS,Wotr,Alis Cars,Lumen auto,1 544 km,1 930 km,118 km/h,Real,90 017 $,0 $,0,4546,2026-09-06,1930
profeta(CT),ATS,Wotr,HMS Machinery,Rock Port,4 155 km,5 155 km,128 km/h,Real,290 036 $,0 $,0,10819,2026-09-06,5155
BlGFOOT,ATS,Wotr,Deepgrove,Olthon Homes,3 133 km,2 850 km,112 km/h,Real,39 147 $,0 $,0,6381,2026-09-06,2850
Heidy24,ATS,Wotr,Deepgrove,Olthon Homes,3 133 km,2 840 km,110 km/h,Real,44 916 $,0 $,0,6387,2026-09-06,2840
Juan Esteban M,ATS,Wotr,SellGoods,Steeler,303 km,302 km,107 km/h,Real,1 767 $,18 040 $,4,1045,2026-09-06,302
Old_picotto,ATS,Wotr,Rock Port,Rock Port,1 997 km,2 006 km,110 km/h,Real,45 070 $,0 $,0,4358,2026-09-06,2006
Mr_Gerzon,ATS,Wotr,Lumen auto,Rock Port,2 573 km,2 586 km,117 km/h,Real,33 287 $,0 $,2,4826,2026-09-06,2586
Roger.Diaz,ATS,Wotr,Peterbilt,Page & Price Paper,2 152 km,2 151 km,111 km/h,Real,7 204 $,0 $,0,4270,2026-09-06,2151
Brayan Gamer,ATS,Wotr,Wallbert,Enterpriser,1 126 km,1 408 km,113 km/h,Real,1 889 302 $,0 $,0,4117,2026-09-06,1408
WAJOIK13,ATS,Wotr,Syntetico,Page & Price Paper,4 233 km,5 172 km,122 km/h,Real,219 656 $,19 760 $,0,9634,2026-09-06,5172
Undertaker03,ATS,Wotr,Home Store,Starbridge,1 946 km,1 990 km,115 km/h,Real,3 942 $,0 $,0,4068,2026-09-06,1990
ZayCruz,ATS,Wotr,Wallbert,GARC,3 609 km,3 643 km,107 km/h,Real,89 349 $,0 $,0,7623,2026-09-06,3643
Juan Esteban M,ATS,Wotr,Venture,Eddy's,2 193 km,2 193 km,111 km/h,Real,42 666 $,1 000 $,0,4471,2026-09-06,2193
profeta(CT),ATS,Wotr,Venture,Eddy's,2 193 km,2 222 km,115 km/h,Real,42 474 $,0 $,0,4524,2026-09-06,2222
Juan Esteban M,ATS,Wotr,Eddy's,Rail Export,11 km,12 km,105 km/h,Real,630 $,0 $,0,212,2026-09-06,12
miguel_gamer,ATS,Wotr,Starbridge,Venture,1 502 km,1 484 km,108 km/h,Real,21 985 $,0 $,15,3511,2026-09-06,1484
Juan Esteban M,ATS,Wotr,Eddy's,Rail Export,206 km,207 km,110 km/h,Real,5 852 $,0 $,0,531,2026-09-06,207
Heidy24,ATS,Wotr,HMS Machinery,X-Tech Machinery,2 539 km,2 541 km,114 km/h,Real,80 838 $,0 $,0,4822,2026-09-06,2541
Brayan Gamer,ATS,Wotr,Wallbert,NAMIQ,1 712 km,1 713 km,114 km/h,Real,2 317 336 $,0 $,0,3418,2026-09-06,1713
Brayan Gamer,ATS,Wotr,Rail Export,Enterpriser,527 km,540 km,115 km/h,Real,2 134 906 $,0 $,0,1157,2026-09-06,540
Old_picotto,ATS,Wotr,Rock Port,Deepgrove,2 377 km,2 497 km,112 km/h,Real,85 484 $,0 $,0,5556,2026-09-06,2497
Trucker_JJ,ATS,Wotr,Lonestar Forwarding,HMS Machinery,3 218 km,3 279 km,112 km/h,Real,209 428 $,0 $,0,6107,2026-09-06,3279
BlGFOOT,ATS,Wotr,HMS Machinery,X-Tech Machinery,2 539 km,2 575 km,115 km/h,Real,104 000 $,0 $,0,4883,2026-09-06,2575
andres guerra,ATS,Estándar,Ultimus,Bushnell Farms,1 880 km,1 894 km,120 km/h,Real,50 200 $,8 040 $,1,4491,2026-09-06,1894
andres guerra,ATS,Estándar,Steeler,Rail Export,1 190 km,1 196 km,111 km/h,Real,15 077 $,6 060 $,1,3272,2026-09-06,1196
WAJOIK13,ATS,Wotr,Page & Price Paper,Mary's Cotton,3 691 km,4 127 km,118 km/h,Real,46 565 $,16 940 $,0,7612,2026-09-06,4127
WAJOIK13,ATS,Wotr,Mary's Cotton,Bushnell Farms,2 434 km,2 541 km,110 km/h,Real,33 456 $,24 300 $,0,4842,2026-09-06,2541
WAJOIK13,ATS,Wotr,Bushnell Farms,GARC,2 521 km,2 657 km,113 km/h,Real,98 154 $,11 340 $,0,5012,2026-09-06,2657
WAJOIK13,ATS,Wotr,Taylor Construction Group,Elegrid,2 803 km,2 822 km,123 km/h,Real,188 759 $,3 700 $,0,5154,2026-09-06,2822
ZayCruz,ATS,Wotr,Wallbert,Home Store,3 099 km,3 119 km,105 km/h,Real,10 326 $,0 $,0,5981,2026-09-06,3119
profeta(CT),ATS,Wotr,Haddock Shipyard,LA Seaport,3 001 km,3 115 km,109 km/h,Real,31 044 $,0 $,0,6334,2026-09-06,3115
WAJOIK13,ATS,Wotr,Elegrid,Global Sky Services,2 573 km,2 570 km,108 km/h,Real,8 495 $,1 400 $,0,4639,2026-09-06,2570
Roger.Diaz,ATS,Wotr,Page & Price Paper,US Beverages & Bottling,3 494 km,3 525 km,119 km/h,Real,39 586 $,0 $,0,6931,2026-09-06,3525
WAJOIK13,ATS,Wotr,Global Sky Services,Bushnell Farms,2 834 km,3 019 km,112 km/h,Real,9 494 $,8 100 $,0,5651,2026-09-06,3019
Old_picotto,ATS,Wotr,Deepgrove,Vitas Power,2 128 km,2 204 km,113 km/h,Real,70 651 $,0 $,1,4747,2026-09-06,2204
profeta(CT),ATS,Wotr,Pickit,Deepgrove,3 466 km,4 300 km,120 km/h,Real,30 077 $,0 $,0,8201,2026-09-06,4300
Mr_Gerzon,ATS,Wotr,Precision Car Parts,Enterpriser,3 361 km,3 928 km,120 km/h,Real,71 380 $,0 $,0,8259,2026-09-06,3928
Guardian777,ATS,Wotr,Enterpriser,Electravolt Industries,2 690 km,2 728 km,115 km/h,Real,100 800 745 $,0 $,29,6012,2026-09-06,2728
andres guerra,ATS,Estándar,Home Store,Sunshine Crops,1 617 km,1 620 km,114 km/h,Real,38 033 $,0 $,4,3779,2026-09-06,1620
WAJOIK13,ATS,Wotr,Bushnell Farms,Golden Meadows,2 739 km,2 999 km,121 km/h,Real,139 832 $,5 020 $,0,5467,2026-09-06,2999
Roger.Diaz,ATS,Wotr,Fish Tail Food,Enterpriser,3 630 km,3 725 km,114 km/h,Real,147 187 $,0 $,0,7885,2026-09-06,3725
MUISCACOL,ATS,Wotr,Bitumen,Bitumen,314 km,370 km,89 km/h,Real,3 018 $,1 400 $,0,1482,2026-09-06,370
BlGFOOT,ATS,Wotr,Wallbert,Plaster & Sons,2 266 km,2 261 km,118 km/h,Real,5 120 $,0 $,0,4082,2026-09-06,2261
WAJOIK13,ATS,Wotr,Avalanche Steel,Venture,3 995 km,4 661 km,110 km/h,Real,13 139 $,13 740 $,0,8634,2026-09-07,4661
Roger.Diaz,ATS,Wotr,Enterpriser,SellGoods,3 149 km,3 305 km,113 km/h,Real,96 314 $,0 $,0,6386,2026-09-07,3305
WAJOIK13,ATS,Wotr,Chuck & Jack's,Rail Export,2 517 km,3 049 km,111 km/h,Real,34 577 $,9 020 $,0,5676,2026-09-07,3049
El puma (CT),ATS,Wotr,Rail Export,Golden Meadows,2 882 km,2 879 km,106 km/h,Real,63 629 $,0 $,0,5305,2026-09-07,2879
MUISCACOL,ATS,Wotr,Bitumen,AI Automotive,351 km,378 km,88 km/h,Real,13 994 $,700 $,0,1227,2026-09-07,378
MUISCACOL,ATS,Wotr,AI Automotive,Steeler,514 km,602 km,105 km/h,Real,6 430 $,0 $,0,1989,2026-09-07,602
ReyMisterio,ATS,Wotr,Flavorfair,Coastline Mining,4 232 km,5 213 km,126 km/h,Real,30 436 $,0 $,8,9708,2026-09-07,5213
Brayan Gamer,ATS,Wotr,Enterpriser,Port of SF,1 471 km,1 472 km,115 km/h,Real,5 722 268 $,0 $,1,3262,2026-09-07,1472
miguel_gamer,ATS,Wotr,Bitumen,Bitumen,737 km,718 km,105 km/h,Real,35 085 $,0 $,0,1328,2026-09-07,718
WAJOIK13,ATS,Wotr,Rail Export,Chuck & Jack's,2 517 km,3 009 km,108 km/h,Real,53 426 $,7 200 $,0,5507,2026-09-07,3009
Trucker_JJ,ATS,Wotr,HMS Machinery,Nielsen Roads,2 868 km,2 871 km,110 km/h,Real,72 540 $,0 $,0,5433,2026-09-07,2871
El puma (CT),ATS,Wotr,Golden Meadows,Mon Coeur,3 153 km,3 168 km,116 km/h,Real,92 858 $,0 $,8,5967,2026-09-07,3168
miguel_gamer,ATS,Wotr,Bitumen,GPW,751 km,544 km,119 km/h,Real,30 932 $,0 $,1,473,2026-09-07,544
Brayan Gamer,ATS,Wotr,Port of SF,Eddy's,1 879 km,1 888 km,116 km/h,Real,7 382 312 $,0 $,0,3822,2026-09-07,1888
Trucker_JJ,ATS,Wotr,Rock Port,Grand Pastures,1 155 km,1 156 km,106 km/h,Real,7 394 $,0 $,0,2419,2026-09-07,1156
JotaRomero1604,ATS,Wotr,Flavorfair,Rail Export,2 673 km,2 842 km,115 km/h,Real,44 268 $,0 $,0,6001,2026-09-07,2842
El puma (CT),ATS,Wotr,Mon Coeur,Golden Meadows,2 384 km,2 404 km,106 km/h,Real,153 471 $,0 $,0,4501,2026-09-07,2404
WAJOIK13,ATS,Wotr,Chuck & Jack's,HMS Machinery,2 320 km,2 498 km,118 km/h,Real,157 200 $,5 160 $,0,5022,2026-09-07,2498
Mr_Gerzon,ATS,Wotr,Eddy's,SellGoods,1 014 km,1 014 km,105 km/h,Real,2 084 $,0 $,0,1932,2026-09-07,1014
Brayan Gamer,ATS,Wotr,Starbridge,Enterpriser,2 284 km,2 281 km,122 km/h,Real,61 863 $,0 $,2,4121,2026-09-07,2281
Trucker_JJ,ATS,Wotr,Grand Pastures,Apade,2 245 km,2 258 km,116 km/h,Real,7 488 $,0 $,0,4502,2026-09-07,2258
Mr_Gerzon,ATS,Wotr,SellGoods,42 Print,1 168 km,1 176 km,114 km/h,Real,36 477 $,0 $,0,2236,2026-09-07,1176
El puma (CT),ATS,Wotr,Golden Meadows,Bushnell Farms,2 298 km,2 298 km,121 km/h,Real,73 864 $,0 $,0,4259,2026-09-07,2298
Brayan Gamer,ATS,Wotr,Coastline Mining,Venture,2 077 km,2 077 km,115 km/h,Real,71 743 $,0 $,0,4102,2026-09-07,2077
andres guerra,ATS,Estándar,Rail Export,Gastream,1 848 km,1 876 km,124 km/h,Real,0 $,0 $,34,5439,2026-09-07,1876
WAJOIK13,ATS,Wotr,Azure,Dr. Hammer,2 870 km,2 999 km,116 km/h,Real,136 943 $,2 100 $,0,5594,2026-09-07,2999
WAJOIK13,ATS,Wotr,Dr. Hammer,Deepgrove,3 449 km,3 846 km,117 km/h,Real,59 266 $,13 360 $,0,7013,2026-09-07,3846
El puma (CT),ATS,Wotr,Bushnell Farms,Rail Export,1 949 km,1 944 km,112 km/h,Real,27 611 $,0 $,0,3812,2026-09-07,1944
ReyMisterio,ATS,Wotr,Lumen auto,Alis Cars,2 485 km,2 658 km,124 km/h,Real,77 674 $,0 $,3,5138,2026-09-07,2658
WAJOIK13,ATS,Wotr,Deepgrove,Taylor Construction Group,3 313 km,3 647 km,113 km/h,Real,94 186 $,13 900 $,0,6804,2026-09-07,3647
WAJOIK13,ATS,Wotr,Taylor Construction Group,Plaster & Sons,3 055 km,3 383 km,110 km/h,Real,37 197 $,12 160 $,0,6360,2026-09-07,3383
Mr_Gerzon,ATS,Wotr,SellGoods,Taylor Construction Group,2 769 km,3 461 km,122 km/h,Real,105 105 $,0 $,2,7747,2026-09-07,3461
Brayan Gamer,ATS,Wotr,Wallbert,Peterbilt,2 454 km,2 451 km,115 km/h,Real,8 130 $,0 $,0,4457,2026-09-07,2451
WAJOIK13,ATS,Wotr,Plaster & Sons,MWM,3 563 km,3 564 km,117 km/h,Real,91 201 $,9 360 $,0,6529,2026-09-07,3564
ReyMisterio,ATS,Wotr,Venture,Enterpriser,3 185 km,3 264 km,122 km/h,Real,41 843 $,0 $,6,6185,2026-09-07,3264
El puma (CT),ATS,Wotr,Rail Export,Rail Export,1 984 km,1 984 km,113 km/h,Real,113 091 $,0 $,0,3886,2026-09-07,1984
BlGFOOT,ATS,Wotr,Fish Tail Food,Enterpriser,2 535 km,2 599 km,121 km/h,Real,31 476 $,0 $,0,4700,2026-09-07,2599
MUISCACOL,ATS,Wotr,Global Mills,Bushnell Farms,1 185 km,1 481 km,109 km/h,Real,45 027 $,9 200 $,0,4726,2026-09-07,1481
Mr_Gerzon,ATS,Wotr,Venture,SellGoods,3 035 km,3 794 km,106 km/h,Real,119 368 $,0 $,0,8169,2026-09-07,3794
Brayan Gamer,ATS,Wotr,Deepgrove,Plaster & Sons,2 113 km,2 110 km,115 km/h,Real,73 261 $,0 $,0,3872,2026-09-07,2110
ReyMisterio,ATS,Wotr,Western Star,Avalanche Steel,1 398 km,1 399 km,123 km/h,Real,3 750 $,0 $,5,2669,2026-09-07,1399
Undertaker03,ATS,Wotr,Western Star,Avalanche Steel,1 398 km,1 414 km,128 km/h,Real,4 792 $,0 $,0,2703,2026-09-07,1414
Brayan Gamer,ATS,Wotr,Plaster & Sons,Gallon Oil,353 km,353 km,115 km/h,Real,11 734 $,0 $,0,711,2026-09-07,353
WAJOIK13,ATS,Wotr,MWM,Coastline Mining,2 503 km,2 886 km,109 km/h,Real,40 471 $,6 300 $,0,5456,2026-09-07,2886
miguel_gamer,ATS,Wotr,Shop Town,Rail Export,282 km,284 km,105 km/h,Real,7 899 $,0 $,0,1106,2026-09-07,284
Brayan Gamer,ATS,Wotr,Wallbert,Farmer's Barn,1 397 km,1 393 km,115 km/h,Real,20 061 $,0 $,0,2645,2026-09-07,1393
miguel_gamer,ATS,Wotr,Rail Export,Rail Export,465 km,465 km,103 km/h,Real,31 891 $,0 $,0,993,2026-09-07,465
Undertaker03,ATS,Wotr,Wallbert,Farmer's Barn,1 397 km,1 395 km,120 km/h,Real,20 061 $,0 $,0,2667,2026-09-07,1395
ReyMisterio,ATS,Wotr,Starbridge,SellGoods,90 km,91 km,111 km/h,Real,3 326 $,0 $,1,281,2026-09-07,91
miguel_gamer,ATS,Wotr,Rail Export,Rail Export,453 km,453 km,105 km/h,Real,25 177 $,0 $,0,897,2026-09-07,453
Undertaker03,ATS,Wotr,Starbridge,SellGoods,90 km,91 km,109 km/h,Real,5 252 $,0 $,0,275,2026-09-07,91
BlGFOOT,ATS,Wotr,Wallbert,Steeler,3 169 km,3 806 km,120 km/h,Real,24 120 $,0 $,0,6892,2026-09-07,3806
Brayan Gamer,ATS,Wotr,SellGoods,Enterpriser,1 889 km,1 892 km,115 km/h,Real,77 245 $,0 $,2,3633,2026-09-08,1892
miguel_gamer,ATS,Wotr,NAMIQ,Coastline Mining,720 km,716 km,105 km/h,Real,43 953 $,0 $,0,1565,2026-09-08,716
Mr_Gerzon,ATS,Wotr,HMS Machinery,Rock Port,3 905 km,4 881 km,128 km/h,Real,49 324 $,0 $,2,10959,2026-09-08,4881
Old_picotto,ATS,Wotr,Vitas Power,Coastline Mining,2 511 km,2 500 km,111 km/h,Real,217 125 $,0 $,0,5848,2026-09-08,2500
WAJOIK13,ATS,Wotr,Syntetico,US Beverages & Bottling,3 908 km,4 647 km,119 km/h,Real,184 245 $,11 220 $,0,8703,2026-09-08,4647
Brayan Gamer,ATS,Wotr,Wallbert,Port of SF,1 776 km,1 777 km,115 km/h,Real,50 955 $,0 $,0,3392,2026-09-08,1777
Undertaker03,ATS,Wotr,Starbridge,Shop Town,100 km,101 km,106 km/h,Real,4 324 $,0 $,0,263,2026-09-08,101
MUISCACOL,ATS,Wotr,Starbridge,SellGoods,1 050 km,1 189 km,106 km/h,Real,5 567 $,2 700 $,1,3255,2026-09-08,1189
miguel_gamer,ATS,Wotr,Coastline Mining,Coastline Mining,1 095 km,1 092 km,112 km/h,Real,35 845 $,0 $,11,1928,2026-09-08,1092
Brayan Gamer,ATS,Wotr,Port of SF,Haddock Shipyard,1 167 km,1 171 km,115 km/h,Real,12 455 $,0 $,0,2325,2026-09-08,1171
CT/Cristian,ATS,Wotr,Plaster & Sons,Deep Wells,1 997 km,1 996 km,120 km/h,Real,36 245 $,0 $,5,4363,2026-09-08,1996
Mr_Gerzon,ATS,Wotr,Syntetico,Epro Gas,1 125 km,1 142 km,118 km/h,Real,51 116 $,0 $,0,2390,2026-09-08,1142
WAJOIK13,ATS,Wotr,US Beverages & Bottling,Apex Steel,2 834 km,3 062 km,121 km/h,Real,86 738 $,5 500 $,0,5724,2026-09-08,3062
CT/Cristian,ATS,Wotr,Bushnell Farms,Enterpriser,1 583 km,1 584 km,122 km/h,Real,21 321 $,0 $,0,3064,2026-09-08,1584
ReyMisterio,ATS,Wotr,Bushnell Farms,Enterpriser,1 583 km,1 583 km,121 km/h,Real,21 321 $,0 $,0,3056,2026-09-08,1583
Brayan Gamer,ATS,Wotr,Bushnell Farms,Enterpriser,1 583 km,1 584 km,115 km/h,Real,21 321 $,0 $,0,3035,2026-09-08,1584
profeta(CT),ATS,Wotr,Bushnell Farms,Enterpriser,1 583 km,1 587 km,116 km/h,Real,17 552 $,0 $,0,3164,2026-09-08,1587
Undertaker03,ATS,Wotr,Bushnell Farms,Enterpriser,1 583 km,1 583 km,124 km/h,Real,21 321 $,0 $,0,3140,2026-09-08,1583
Mr_Gerzon,ATS,Wotr,Bushnell Farms,Enterpriser,1 583 km,1 584 km,124 km/h,Real,21 321 $,0 $,0,2947,2026-09-08,1584
miguel_gamer,ATS,Wotr,Bushnell Farms,Enterpriser,1 583 km,1 584 km,107 km/h,Real,20 935 $,0 $,0,3088,2026-09-08,1584
El puma (CT),ATS,Wotr,Bushnell Farms,Enterpriser,1 583 km,1 584 km,114 km/h,Real,21 321 $,0 $,0,3062,2026-09-08,1584
Trucker_JJ,ATS,Wotr,Bushnell Farms,Enterpriser,1 583 km,1 584 km,110 km/h,Real,21 321 $,0 $,0,3109,2026-09-08,1584
MUISCACOL,ATS,Wotr,Bushnell Farms,Enterpriser,1 583 km,1 565 km,112 km/h,Real,21 321 $,2 800 $,0,3211,2026-09-08,1565
JotaRomero1604,ATS,Wotr,Enterpriser,Venture,719 km,720 km,107 km/h,Real,18 698 $,0 $,0,1546,2026-09-08,720
ReyMisterio,ATS,Wotr,Enterpriser,SellGoods,1 001 km,1 004 km,107 km/h,Real,19 538 $,0 $,0,1957,2026-09-08,1004
miguel_gamer,ATS,Wotr,Enterpriser,SellGoods,1 001 km,1 001 km,105 km/h,Real,19 222 $,0 $,0,2009,2026-09-08,1001
MUISCACOL,ATS,Wotr,Enterpriser,SellGoods,1 001 km,1 005 km,105 km/h,Real,17 807 $,3 700 $,2,2045,2026-09-08,1005
ReyMisterio,ATS,Wotr,SellGoods,Starbridge,1 013 km,1 047 km,119 km/h,Real,31 287 $,0 $,2,2280,2026-09-08,1047
miguel_gamer,ATS,Wotr,SellGoods,Starbridge,1 013 km,1 041 km,110 km/h,Real,28 922 $,0 $,4,2314,2026-09-08,1041
JotaRomero1604,ATS,Wotr,Wallbert,MWM,2 018 km,2 020 km,115 km/h,Real,23 941 $,0 $,0,4025,2026-09-08,2020
Trucker_JJ,ATS,Wotr,Charged,Deepgrove,2 688 km,2 699 km,122 km/h,Real,46 322 $,0 $,0,5244,2026-09-08,2699
El puma (CT),ATS,Wotr,Charged,Deepgrove,2 688 km,2 688 km,125 km/h,Real,46 322 $,0 $,0,5042,2026-09-08,2688
Mr_Gerzon,ATS,Wotr,Charged,Deepgrove,2 688 km,2 688 km,128 km/h,Real,46 322 $,0 $,0,5240,2026-09-08,2688
Manueloso27,ATS,Wotr,Charged,Deepgrove,2 688 km,2 703 km,122 km/h,Real,39 209 $,0 $,0,5257,2026-09-08,2703
Brayan Gamer,ATS,Wotr,Charged,Deepgrove,2 688 km,2 700 km,115 km/h,Real,46 322 $,0 $,0,5197,2026-09-08,2700
profeta(CT),ATS,Wotr,Charged,Deepgrove,2 688 km,2 707 km,124 km/h,Real,46 322 $,0 $,0,5448,2026-09-08,2707
CT/Cristian,ATS,Wotr,Charged,Deepgrove,2 688 km,2 714 km,113 km/h,Real,46 322 $,0 $,0,5229,2026-09-08,2714
miguel_gamer,ATS,Wotr,Starbridge,Global Mills,685 km,685 km,112 km/h,Real,46 634 $,0 $,1,1455,2026-09-08,685
WAJOIK13,ATS,Wotr,Home Store,MWM,3 053 km,3 592 km,119 km/h,Real,89 130 $,10 500 $,0,6681,2026-09-08,3592
Trucker_JJ,ATS,Wotr,HMS Machinery,Bushnell Farms,1 592 km,1 594 km,118 km/h,Real,100 643 $,0 $,0,3194,2026-09-08,1594
Yenny,ATS,Estándar,US Beverages & Bottling,Shop Town,654 km,818 km,120 km/h,Real,28 188 $,3 500 $,0,2070,2026-09-08,818
miguel_gamer,ATS,Wotr,Global Mills,Apade,1 008 km,1 013 km,111 km/h,Real,30 909 $,0 $,14,2266,2026-09-08,1013
Camilo Gang,ATS,Wotr,Gallon Oil,Starbridge,1 114 km,1 393 km,106 km/h,Real,16 305 $,0 $,10,3884,2026-09-08,1393
Mr_Gerzon,ATS,Wotr,HMS Machinery,Bushnell Farms,2 274 km,2 274 km,121 km/h,Real,146 419 $,0 $,0,4351,2026-09-08,2274
El puma (CT),ATS,Wotr,HMS Machinery,Bushnell Farms,2 274 km,2 270 km,125 km/h,Real,146 419 $,0 $,0,4250,2026-09-08,2270
miguel_gamer,ATS,Wotr,Apade,Oakland Shippers,459 km,462 km,106 km/h,Real,22 758 $,0 $,0,1259,2026-09-08,462
Brayan Gamer,ATS,Wotr,Avalanche Steel,Coastline Mining,2 763 km,2 770 km,115 km/h,Real,140 418 $,0 $,0,5315,2026-09-08,2770
profeta(CT),ATS,Wotr,Avalanche Steel,Coastline Mining,2 763 km,2 779 km,122 km/h,Real,140 418 $,0 $,0,5420,2026-09-08,2779
andres guerra,ATS,Estándar,Rail Export,Rail Export,1 030 km,1 032 km,117 km/h,Real,29 877 $,0 $,14,2595,2026-09-08,1032
miguel_gamer,ATS,Wotr,Oakland Shippers,Eddy's,779 km,781 km,105 km/h,Real,10 220 $,0 $,0,1746,2026-09-08,781
Camilo Gang,ATS,Wotr,Gallon Oil,Deepgrove,2 490 km,3 113 km,106 km/h,Real,28 264 $,0 $,4,6636,2026-09-08,3113
miguel_gamer,ATS,Wotr,Eddy's,Rail Export,1 815 km,1 881 km,106 km/h,Real,41 544 $,0 $,1,4292,2026-09-08,1881
WAJOIK13,ATS,Wotr,Chuck & Jack's,Deepgrove,3 389 km,3 527 km,118 km/h,Real,222 263 $,14 100 $,0,6469,2026-09-08,3527
WAJOIK13,ATS,Wotr,Deepgrove,NAMIQ,1 474 km,1 709 km,117 km/h,Real,40 899 $,8 700 $,0,3330,2026-09-08,1709
El puma (CT),ATS,Wotr,Gallon Oil,Rail Export,2 357 km,2 555 km,109 km/h,Real,185 173 $,0 $,0,4670,2026-09-08,2555
ReyMisterio,ATS,Wotr,42 Print,Starbridge,3 259 km,3 478 km,125 km/h,Real,118 681 $,0 $,1,6366,2026-09-08,3478
WAJOIK13,ATS,Wotr,NAMIQ,Nielsen Roads,2 481 km,2 589 km,111 km/h,Real,65 352 $,7 000 $,0,4804,2026-09-08,2589
MUISCACOL,ATS,Wotr,Sunshine Crops,Bushnell Farms,204 km,255 km,105 km/h,Real,6 694 $,4 100 $,2,1366,2026-09-08,255
profeta(CT),ATS,Wotr,Flavorfair,Rail Export,4 092 km,5 065 km,125 km/h,Real,134 682 $,0 $,1,10086,2026-09-08,5065
WAJOIK13,ATS,Wotr,Nielsen Roads,Bitumen,2 469 km,2 554 km,114 km/h,Real,111 178 $,7 800 $,0,4687,2026-09-08,2554
BlGFOOT,ATS,Wotr,US Beverages & Bottling,Home Store,3 806 km,3 944 km,116 km/h,Real,31 392 $,0 $,0,7145,2026-09-08,3944
WAJOIK13,ATS,Wotr,Bitumen,Johnson and Smith,2 605 km,3 006 km,121 km/h,Real,179 953 $,3 500 $,0,5502,2026-09-08,3006
Trucker_JJ,ATS,Wotr,Fish Tail Food,Rock Port,3 735 km,4 669 km,125 km/h,Real,47 114 $,0 $,0,9112,2026-09-08,4669
El puma (CT),ATS,Wotr,Rail Export,Wallbert,1 966 km,1 963 km,115 km/h,Real,37 488 $,0 $,1,3837,2026-09-08,1963
ELLUCHOMB,ATS,Wotr,HMS Machinery,Coastline Mining,1 196 km,1 226 km,116 km/h,Real,100 367 357 $,0 $,5,3261,2026-09-08,1226
ReyMisterio,ATS,Wotr,Enterpriser,Venture,145 km,146 km,107 km/h,Real,2 906 $,0 $,0,419,2026-09-08,146
Mr_Gerzon,ATS,Wotr,Bushnell Farms,NAMIQ,3 281 km,3 279 km,118 km/h,Real,64 378 $,0 $,0,6298,2026-09-08,3279
Camilo Gang,ATS,Wotr,SellGoods,Gallon Oil,1 581 km,1 829 km,111 km/h,Real,11 862 $,0 $,11,4147,2026-09-08,1829
ReyMisterio,ATS,Wotr,Tidbit,Fish Tail Food,1 175 km,1 175 km,118 km/h,Real,19 698 $,0 $,0,2552,2026-09-08,1175
ELLUCHOMB,ATS,Wotr,Tidbit,Fish Tail Food,1 175 km,1 180 km,123 km/h,Real,19 165 $,0 $,0,2625,2026-09-08,1180
WAJOIK13,ATS,Wotr,Vortex,Coastline Mining,2 911 km,3 010 km,108 km/h,Real,36 852 $,8 400 $,0,5645,2026-09-08,3010
BlGFOOT,ATS,Wotr,Wallbert,Wallbert,3 519 km,3 525 km,115 km/h,Real,8 012 $,0 $,0,6345,2026-09-08,3525
Mr_Gerzon,ATS,Wotr,Nielsen Roads,Bitumen,2 787 km,2 826 km,116 km/h,Real,134 242 $,0 $,1,5514,2026-09-08,2826
El puma (CT),ATS,Wotr,Wallbert,Plaster & Sons,2 291 km,2 288 km,117 km/h,Real,7 629 $,0 $,0,4350,2026-09-08,2288
miguel_gamer,ATS,Wotr,Rail Export,Gastream,1 366 km,1 367 km,109 km/h,Real,43 862 $,0 $,2,2806,2026-09-08,1367
Old_picotto,ATS,Wotr,Peterbilt,Bushnell Farms,2 431 km,2 466 km,110 km/h,Real,8 060 $,0 $,0,5209,2026-09-08,2466
Mr_Gerzon,ATS,Wotr,Lonestar Forwarding,Gallon Oil,342 km,428 km,106 km/h,Real,2 970 $,0 $,0,2073,2026-09-08,428
WAJOIK13,ATS,Wotr,Coastline Mining,X-Tech Machinery,3 176 km,3 571 km,118 km/h,Real,161 866 $,8 600 $,0,6560,2026-09-08,3571
Mr_Gerzon,ATS,Wotr,Gallon Oil,Coastline Mining,292 km,346 km,106 km/h,Real,8 238 $,0 $,0,1051,2026-09-08,346
Mr_Gerzon,ATS,Wotr,Coastline Mining,Chemso Ltd.,33 km,41 km,105 km/h,Real,875 $,0 $,0,205,2026-09-08,41
El puma (CT),ATS,Wotr,Plaster & Sons,Vortex,2 691 km,2 703 km,111 km/h,Real,77 178 $,0 $,0,5174,2026-09-09,2703
Mr_Gerzon,ATS,Wotr,Chemso Ltd.,AI Automotive,308 km,358 km,107 km/h,Real,2 578 $,0 $,0,1118,2026-09-09,358
BlGFOOT,ATS,Wotr,Brownsville Port,HMS Machinery,3 243 km,3 255 km,114 km/h,Real,18 955 $,0 $,0,5947,2026-09-09,3255
Mr_Gerzon,ATS,Wotr,AI Automotive,US Beverages & Bottling,993 km,994 km,118 km/h,Real,9 929 $,0 $,0,1869,2026-09-09,994
Mr_Gerzon,ATS,Wotr,US Beverages & Bottling,Rail Export,899 km,917 km,106 km/h,Real,11 800 $,0 $,0,1980,2026-09-09,917
CT/Cristian,ATS,Wotr,Deepgrove,Taylor Construction Group,3 525 km,3 504 km,127 km/h,Real,77 691 $,0 $,0,6958,2026-09-09,3504
ELLUCHOMB,ATS,Wotr,US Beverages & Bottling,Sunshine Crops,996 km,1 042 km,111 km/h,Real,1 816 $,0 $,2,2280,2026-09-09,1042
Mr_Gerzon,ATS,Wotr,Rail Export,Venture,178 km,212 km,109 km/h,Real,1 634 $,0 $,0,984,2026-09-09,212
WAJOIK13,ATS,Wotr,X-Tech Machinery,HMS Machinery,3 493 km,4 131 km,128 km/h,Real,271 151 $,4 600 $,0,7687,2026-09-09,4131
Manueloso27,ATS,Wotr,HMS Machinery,HMS Machinery,184 km,184 km,115 km/h,Real,1 721 $,0 $,5,481,2026-09-09,184
Mr_Gerzon,ATS,Wotr,Venture,Rail Export,1 110 km,1 110 km,114 km/h,Real,11 590 $,0 $,1,2996,2026-09-09,1110
Undertaker03,ATS,Wotr,Plaster & Sons,Plaster & Sons,1 928 km,1 929 km,113 km/h,Real,31 329 $,0 $,0,3798,2026-09-09,1929
profeta(CT),ATS,Wotr,Plaster & Sons,Plaster & Sons,1 928 km,1 928 km,119 km/h,Real,31 329 $,0 $,0,3838,2026-09-09,1928
ReyMisterio,ATS,Wotr,Plaster & Sons,Plaster & Sons,1 928 km,1 928 km,112 km/h,Real,31 329 $,0 $,0,3823,2026-09-09,1928
CT/Cristian,ATS,Wotr,Plaster & Sons,Plaster & Sons,1 928 km,1 935 km,112 km/h,Real,31 329 $,0 $,0,3783,2026-09-09,1935
Manueloso27,ATS,Wotr,Plaster & Sons,Plaster & Sons,1 928 km,1 929 km,119 km/h,Real,26 579 $,0 $,0,3738,2026-09-09,1929
El puma (CT),ATS,Wotr,Plaster & Sons,Plaster & Sons,1 928 km,1 928 km,112 km/h,Real,31 329 $,0 $,0,3869,2026-09-09,1928
Brayan Gamer,ATS,Wotr,Plaster & Sons,Plaster & Sons,1 928 km,1 929 km,115 km/h,Real,31 329 $,0 $,0,3867,2026-09-09,1929
Roger.Diaz,ATS,Wotr,Plaster & Sons,Plaster & Sons,1 928 km,1 928 km,109 km/h,Real,31 329 $,0 $,0,3728,2026-09-09,1928
Trucker_JJ,ATS,Wotr,Plaster & Sons,Plaster & Sons,1 928 km,1 929 km,120 km/h,Real,31 329 $,0 $,0,4009,2026-09-09,1929
ZayCruz,ATS,Wotr,Plaster & Sons,Plaster & Sons,1 928 km,1 957 km,105 km/h,Real,31 329 $,0 $,0,4031,2026-09-09,1957
Guardian777,ATS,Wotr,Plaster & Sons,Plaster & Sons,1 928 km,1 933 km,113 km/h,Real,20 354 $,0 $,8,3852,2026-09-09,1933
MUISCACOL,ATS,Wotr,Plaster & Sons,Plaster & Sons,1 928 km,1 969 km,109 km/h,Real,31 329 $,7 580 $,0,4415,2026-09-09,1969
WAJOIK13,ATS,Wotr,HMS Machinery,GARC,4 173 km,4 881 km,128 km/h,Real,308 190 $,10 580 $,0,9020,2026-09-09,4881
Trucker_JJ,ATS,Wotr,Sunshine Crops,Mon Coeur,1 306 km,1 310 km,117 km/h,Real,82 669 $,0 $,0,2565,2026-09-09,1310
ZayCruz,ATS,Wotr,Sunshine Crops,Mon Coeur,1 306 km,1 307 km,105 km/h,Real,82 669 $,0 $,0,2547,2026-09-09,1307
El puma (CT),ATS,Wotr,Sunshine Crops,Mon Coeur,1 306 km,1 395 km,122 km/h,Real,82 669 $,0 $,0,2697,2026-09-09,1395
ReyMisterio,ATS,Wotr,Sunshine Crops,Mon Coeur,1 306 km,1 322 km,122 km/h,Real,82 669 $,0 $,0,2723,2026-09-09,1322
Roger.Diaz,ATS,Wotr,Sunshine Crops,Mon Coeur,1 306 km,1 312 km,119 km/h,Real,82 669 $,0 $,0,2604,2026-09-09,1312
Guardian777,ATS,Wotr,Plaster & Sons,Rail Export,1 610 km,1 614 km,123 km/h,Real,19 981 $,0 $,14,3290,2026-09-09,1614
Manueloso27,ATS,Wotr,Plaster & Sons,Rail Export,1 610 km,1 622 km,121 km/h,Real,40 954 $,0 $,0,3318,2026-09-09,1622
profeta(CT),ATS,Wotr,Plaster & Sons,Rail Export,1 610 km,1 616 km,125 km/h,Real,47 457 $,0 $,0,3283,2026-09-09,1616
MUISCACOL,ATS,Wotr,Plaster & Sons,Rail Export,1 610 km,1 610 km,111 km/h,Real,47 457 $,2 100 $,0,3537,2026-09-09,1610
CT/Cristian,ATS,Wotr,Plaster & Sons,Rail Export,1 610 km,1 623 km,125 km/h,Real,24 847 $,0 $,11,3365,2026-09-09,1623
Brayan Gamer,ATS,Wotr,Plaster & Sons,Rail Export,1 610 km,1 620 km,115 km/h,Real,47 457 $,0 $,0,3344,2026-09-09,1620
ELLUCHOMB,ATS,Wotr,Plaster & Sons,Rail Export,1 610 km,1 667 km,117 km/h,Real,43 936 $,0 $,1,3919,2026-09-09,1667
WAJOIK13,ATS,Wotr,GARC,Bushnell Farms,2 550 km,2 550 km,113 km/h,Real,194 527 $,5 600 $,0,4794,2026-09-09,2550
profeta(CT),ATS,Wotr,Deepgrove,Plaster & Sons,1 081 km,1 082 km,126 km/h,Real,36 928 $,0 $,0,2005,2026-09-09,1082
CT/Cristian,ATS,Wotr,Deepgrove,Plaster & Sons,1 081 km,1 083 km,121 km/h,Real,36 928 $,0 $,0,2063,2026-09-09,1083
Brayan Gamer,ATS,Wotr,Deepgrove,Plaster & Sons,1 081 km,1 084 km,115 km/h,Real,36 928 $,0 $,0,2111,2026-09-09,1084
Manueloso27,ATS,Wotr,Deepgrove,Plaster & Sons,1 081 km,1 079 km,121 km/h,Real,31 183 $,0 $,0,2091,2026-09-09,1079
Roger.Diaz,ATS,Wotr,Deepgrove,Plaster & Sons,1 081 km,1 083 km,124 km/h,Real,36 928 $,0 $,0,2111,2026-09-09,1083
El puma (CT),ATS,Wotr,Deepgrove,Plaster & Sons,1 081 km,1 082 km,118 km/h,Real,36 928 $,0 $,0,2007,2026-09-09,1082
ELLUCHOMB,ATS,Wotr,Deepgrove,Plaster & Sons,1 081 km,1 110 km,112 km/h,Real,36 083 $,0 $,0,2317,2026-09-09,1110
Camilo Gang,ATS,Estándar,Deepgrove,Plaster & Sons,1 084 km,1 079 km,130 km/h,Real,36 825 $,0 $,0,1838,2026-09-09,1079
Old_picotto,ATS,Wotr,Bushnell Farms,Rail Export,2 122 km,2 123 km,114 km/h,Real,131 896 $,0 $,0,4354,2026-09-09,2123
ELLUCHOMB,ATS,Wotr,Bitumen,Sunshine Crops,858 km,863 km,114 km/h,Real,20 926 $,0 $,7,1838,2026-09-09,863
Camilo Gang,ATS,Wotr,Bitumen,Sunshine Crops,858 km,880 km,111 km/h,Real,30 094 $,0 $,0,1786,2026-09-09,880
Camilo Gang,ATS,Wotr,Sunshine Crops,Plaster & Sons,201 km,202 km,122 km/h,Real,3 046 $,0 $,0,405,2026-09-09,202
Mr_Gerzon,ATS,Wotr,Venture,Enterpriser,1 187 km,1 484 km,113 km/h,Real,10 779 $,0 $,1,3791,2026-09-09,1484
WAJOIK13,ATS,Wotr,Chuck & Jack's,Plaster & Sons,2 654 km,2 653 km,114 km/h,Real,46 614 $,13 100 $,0,5059,2026-09-09,2653
WAJOIK13,ATS,Wotr,Plaster & Sons,NAMIQ,2 617 km,3 178 km,124 km/h,Real,133 031 $,2 800 $,0,5909,2026-09-09,3178
profeta(CT),ATS,Wotr,Plaster & Sons,NAMIQ,2 935 km,2 931 km,130 km/h,Real,107 580 $,0 $,0,5492,2026-09-09,2931
El puma (CT),ATS,Wotr,Elegrid,Equos Power Transport,1 962 km,1 961 km,108 km/h,Real,82 267 $,0 $,0,3817,2026-09-09,1961
WAJOIK13,ATS,Wotr,NAMIQ,Lonestar Forwarding,3 306 km,3 861 km,112 km/h,Real,69 490 $,6 500 $,0,6988,2026-09-09,3861
ReyMisterio,ATS,Wotr,Flavorfair,Sea Horizon,4 239 km,5 024 km,126 km/h,Real,14 199 $,0 $,0,9208,2026-09-09,5024
CT/Cristian,ATS,Wotr,Wallbert,Global Mills,2 877 km,2 879 km,116 km/h,Real,3 412 $,0 $,6,5761,2026-09-09,2879
Mr_Gerzon,ATS,Wotr,Enterpriser,Mon Coeur,1 135 km,1 350 km,129 km/h,Real,11 678 $,0 $,0,3131,2026-09-09,1350
WAJOIK13,ATS,Wotr,Lonestar Forwarding,Taylor Construction Group,2 514 km,2 544 km,126 km/h,Real,125 494 $,9 820 $,0,4707,2026-09-09,2544
Mr_Gerzon,ATS,Wotr,Mon Coeur,Rail Export,426 km,397 km,123 km/h,Real,3 449 $,0 $,0,931,2026-09-09,397
Mr_Gerzon,ATS,Wotr,Rail Export,Bushnell Farms,879 km,780 km,122 km/h,Real,4 500 $,0 $,0,1747,2026-09-09,780
Camilo Gang,ATS,Wotr,Plaster & Sons,Enterpriser,1 262 km,1 262 km,119 km/h,Real,37 329 $,0 $,0,2335,2026-09-09,1262
WAJOIK13,ATS,Wotr,Taylor Construction Group,LA Seaport,2 497 km,2 547 km,110 km/h,Real,65 769 $,7 400 $,0,4889,2026-09-09,2547
Mr_Gerzon,ATS,Wotr,Bushnell Farms,Rail Export,878 km,747 km,127 km/h,Real,17 660 $,0 $,0,1657,2026-09-09,747
Mr_Gerzon,ATS,Wotr,Rail Export,Global Mills,613 km,766 km,111 km/h,Real,6 739 $,0 $,1,2353,2026-09-09,766
El puma (CT),ATS,Wotr,Equos Power Transport,Nielsen Roads,1 544 km,1 548 km,106 km/h,Real,25 026 $,0 $,0,2910,2026-09-09,1548
CT/Cristian,ATS,Wotr,Fish Tail Food,Vortex,3 777 km,4 109 km,125 km/h,Real,57 391 $,0 $,10,7907,2026-09-09,4109
ReyMisterio,ATS,Wotr,Apade,Venture,1 067 km,1 067 km,107 km/h,Real,11 541 $,0 $,0,2195,2026-09-09,1067
WAJOIK13,ATS,Wotr,Equos Power Transport,Eddy's,2 994 km,2 990 km,114 km/h,Real,97 615 $,14 100 $,0,5664,2026-09-09,2990
Mr_Gerzon,ATS,Wotr,Global Mills,Enterpriser,795 km,994 km,116 km/h,Real,17 828 $,0 $,0,3231,2026-09-09,994
WAJOIK13,ATS,Wotr,Eddy's,MWM,2 121 km,2 120 km,127 km/h,Real,60 099 $,2 800 $,0,4137,2026-09-09,2120
Mr_Gerzon,ATS,Wotr,Eddy's,Rail Export,934 km,1 168 km,113 km/h,Real,13 868 $,0 $,0,3299,2026-09-09,1168
Mr_Gerzon,ATS,Wotr,Rail Export,Sunshine Crops,151 km,156 km,115 km/h,Real,2 228 $,0 $,0,402,2026-09-09,156
WAJOIK13,ATS,Wotr,Bushnell Farms,Evergreen,3 524 km,3 856 km,115 km/h,Real,185 196 $,9 100 $,0,6969,2026-09-10,3856
Brayan Gamer,ATS,Wotr,Enterpriser,Enterpriser,2 074 km,2 077 km,115 km/h,Real,44 637 $,0 $,0,4000,2026-09-10,2077
miguel_gamer,ATS,Wotr,Kenworth,Kenworth,1 134 km,1 134 km,106 km/h,Real,60 905 $,0 $,4,2637,2026-09-10,1134
Mr_Gerzon,ATS,Wotr,Sunshine Crops,Calimondo,1 154 km,1 443 km,126 km/h,Real,19 836 $,0 $,0,3907,2026-09-10,1443
Old_picotto,ATS,Wotr,Rail Export,Steeler,2 130 km,2 132 km,111 km/h,Real,26 535 $,0 $,0,4444,2026-09-10,2132
Brayan Gamer,ATS,Wotr,Tidbit,42 Print,1 876 km,1 880 km,122 km/h,Real,38 489 $,0 $,1,3650,2026-09-10,1880
CT/Cristian,ATS,Wotr,Tidbit,42 Print,1 876 km,1 900 km,118 km/h,Real,40 492 $,0 $,0,3698,2026-09-10,1900
WAJOIK13,ATS,Wotr,Evergreen,Eddy's,3 256 km,3 606 km,112 km/h,Real,122 919 $,9 300 $,0,6669,2026-09-10,3606
Mr_Gerzon,ATS,Wotr,Shop Town,Rail Export,973 km,1 216 km,126 km/h,Real,7 627 $,0 $,0,3237,2026-09-10,1216
ELLUCHOMB,ATS,Wotr,Tidbit,42 Print,1 155 km,1 159 km,113 km/h,Real,27 949 $,0 $,0,2228,2026-09-10,1159
miguel_gamer,ATS,Wotr,Coastline Mining,Gallon Oil,1 286 km,1 456 km,124 km/h,Real,52 861 $,0 $,0,2946,2026-09-10,1456
Brayan Gamer,ATS,Wotr,Tidbit,Avalanche Steel,2 268 km,2 267 km,114 km/h,Real,7 558 $,0 $,0,4116,2026-09-10,2267
Camilo Gang,ATS,Wotr,Tidbit,Avalanche Steel,2 268 km,2 283 km,112 km/h,Real,7 558 $,0 $,0,4200,2026-09-10,2283
El puma (CT),ATS,Wotr,Tidbit,Avalanche Steel,2 268 km,2 271 km,108 km/h,Real,7 558 $,0 $,0,4178,2026-09-10,2271
CT/Cristian,ATS,Wotr,Tidbit,Avalanche Steel,2 268 km,2 267 km,116 km/h,Real,7 558 $,0 $,0,4117,2026-09-10,2267
profeta(CT),ATS,Wotr,Tidbit,Avalanche Steel,2 268 km,2 290 km,115 km/h,Real,7 558 $,0 $,0,4299,2026-09-10,2290
ZayCruz,ATS,Wotr,Tidbit,Avalanche Steel,2 268 km,2 269 km,105 km/h,Real,7 558 $,0 $,0,4195,2026-09-10,2269
miguel_gamer,ATS,Wotr,Gallon Oil,Plaster & Sons,703 km,706 km,105 km/h,Real,20 751 $,0 $,0,1537,2026-09-10,706
ELLUCHOMB,ATS,Wotr,Darwing,Deepgrove,1 145 km,1 151 km,125 km/h,Real,19 028 $,0 $,1,2393,2026-09-10,1151
WAJOIK13,ATS,Wotr,Eddy's,Wallbert,2 801 km,2 797 km,107 km/h,Real,9 390 $,15 460 $,0,5277,2026-09-10,2797
profeta(CT),ATS,Wotr,Deepgrove,Rail Export,1 543 km,1 543 km,126 km/h,Real,65 089 $,0 $,0,2931,2026-09-10,1543
Brayan Gamer,ATS,Wotr,Deepgrove,Rail Export,1 543 km,1 559 km,115 km/h,Real,65 089 $,0 $,0,3145,2026-09-10,1559
El puma (CT),ATS,Wotr,Deepgrove,Rail Export,1 543 km,1 543 km,116 km/h,Real,65 089 $,0 $,0,2972,2026-09-10,1543
miguel_gamer,ATS,Wotr,Plaster & Sons,HMS Machinery,1 173 km,1 178 km,108 km/h,Real,52 437 $,0 $,1,2751,2026-09-10,1178
Camilo Gang,ATS,Wotr,Deepgrove,Rail Export,1 543 km,1 558 km,112 km/h,Real,65 089 $,0 $,0,3191,2026-09-10,1558
ELLUCHOMB,ATS,Wotr,Deepgrove,Rail Export,1 462 km,1 466 km,123 km/h,Real,19 291 $,0 $,0,2754,2026-09-10,1466
ZayCruz,ATS,Wotr,Deepgrove,Rail Export,1 462 km,1 449 km,106 km/h,Real,19 737 $,0 $,0,2789,2026-09-10,1449
CT/Cristian,ATS,Wotr,Deepgrove,Rail Export,1 543 km,1 546 km,117 km/h,Real,65 089 $,0 $,0,3253,2026-09-10,1546
Camilo Gang,ATS,Wotr,Rail Export,Wingman Aviation Center,630 km,632 km,110 km/h,Real,23 242 $,0 $,0,1339,2026-09-10,632
miguel_gamer,ATS,Wotr,HMS Machinery,Gallon Oil,1 015 km,1 014 km,105 km/h,Real,52 055 $,0 $,1,2308,2026-09-10,1014
ELLUCHOMB,ATS,Wotr,Rail Export,Wingman Aviation Center,630 km,635 km,109 km/h,Real,22 800 $,0 $,0,1444,2026-09-10,635
miguel_gamer,ATS,Wotr,Gallon Oil,Chemso Ltd.,1 160 km,1 182 km,106 km/h,Real,31 654 $,0 $,12,3063,2026-09-10,1182
andres guerra,ATS,Estándar,Deepgrove,bodegon,622 km,552 km,84 km/h,Real,1 151 $,0 $,0,10990,2026-09-10,552
WAJOIK13,ATS,Wotr,Wallbert,Deepgrove,3 255 km,3 525 km,123 km/h,Real,41 136 $,11 360 $,0,6634,2026-09-10,3525
WAJOIK13,ATS,Wotr,Deepgrove,US Beverages & Bottling,3 230 km,3 521 km,114 km/h,Real,61 035 $,16 060 $,0,6380,2026-09-10,3521
El puma (CT),ATS,Wotr,Apade,Enterpriser,2 081 km,2 081 km,106 km/h,Real,157 919 $,0 $,0,3853,2026-09-10,2081
Trucker_JJ,ATS,Wotr,Apade,SellGoods,2 232 km,2 529 km,129 km/h,Real,169 334 $,0 $,0,4601,2026-09-10,2529
ReyMisterio,ATS,Wotr,Venture,Dynamix,2 377 km,2 378 km,119 km/h,Real,62 637 $,0 $,0,4358,2026-09-10,2378
WAJOIK13,ATS,Wotr,US Beverages & Bottling,Deepgrove,3 426 km,4 051 km,110 km/h,Real,11 352 $,11 400 $,0,7514,2026-09-10,4051
Mr_Gerzon,ATS,Wotr,Eddy's,Enterpriser,1 105 km,1 221 km,115 km/h,Real,1 544 $,0 $,0,2756,2026-09-10,1221
MUISCACOL,ATS,Wotr,Rail Export,Sunshine Crops,1 728 km,1 950 km,119 km/h,Real,107 519 $,17 020 $,0,4818,2026-09-10,1950
WAJOIK13,ATS,Wotr,Deepgrove,Elimax,3 555 km,4 022 km,118 km/h,Real,141 409 $,3 500 $,0,7382,2026-09-10,4022
Mr_Gerzon,ATS,Wotr,Enterpriser,Enterpriser,1 158 km,1 311 km,110 km/h,Real,6 459 $,0 $,17,3636,2026-09-10,1311
ELLUCHOMB,ATS,Wotr,Coastline Mining,AI Automotive,1 275 km,1 287 km,122 km/h,Real,9 112 $,0 $,11,2611,2026-09-10,1287
WAJOIK13,ATS,Wotr,Elimax,Farmer's Barn,2 432 km,2 666 km,113 km/h,Real,73 223 $,2 100 $,0,4738,2026-09-10,2666
CT/Cristian,ATS,Wotr,Haddock Shipyard,Sea Horizon,3 835 km,3 837 km,114 km/h,Real,52 476 $,0 $,0,7270,2026-09-10,3837
ELLUCHOMB,ATS,Wotr,Bloomscape,Gastream,1 020 km,1 008 km,128 km/h,Real,44 326 $,0 $,0,2184,2026-09-10,1008
ReyMisterio,ATS,Wotr,Haddock Shipyard,Sea Horizon,3 835 km,3 840 km,118 km/h,Real,43 395 $,0 $,4,7299,2026-09-10,3840
Undertaker03,ATS,Wotr,Haddock Shipyard,Sea Horizon,3 835 km,3 837 km,115 km/h,Real,49 877 $,0 $,1,7253,2026-09-10,3837
ELLUCHOMB,ATS,Wotr,Farmer's Barn,SellGoods,171 km,172 km,110 km/h,Real,11 353 $,0 $,0,602,2026-09-10,172
WAJOIK13,ATS,Wotr,42 Print,Gastream,2 650 km,2 649 km,118 km/h,Real,36 901 $,5 100 $,0,4882,2026-09-10,2649
miguel_gamer,ATS,Wotr,Bitumen,Bitumen,853 km,854 km,110 km/h,Real,12 066 $,0 $,13,1839,2026-09-10,854
ELLUCHOMB,ATS,Wotr,SellGoods,SellGoods,1 243 km,1 224 km,125 km/h,Real,0 $,0 $,36,2830,2026-09-10,1224
WAJOIK13,ATS,Wotr,Lumen auto,Wallbert,3 838 km,4 532 km,110 km/h,Real,12 646 $,6 000 $,0,8399,2026-09-11,4532
ELLUCHOMB,ATS,Wotr,AI Automotive,Sunshine Crops,1 406 km,1 413 km,119 km/h,Real,13 805 $,0 $,1,3232,2026-09-11,1413
miguel_gamer,ATS,Wotr,Bitumen,Coastline Mining,1 034 km,1 046 km,109 km/h,Real,1 047 $,0 $,14,2402,2026-09-11,1046
Mr_Gerzon,ATS,Wotr,Bitumen,Bitumen,1 170 km,1 339 km,112 km/h,Real,18 091 $,0 $,7,3478,2026-09-11,1339
johan chiquiza,ATS,Estándar,Coastline Mining,Bitumen,37 km,38 km,107 km/h,Real,817 $,1 400 $,0,211,2026-09-11,38
CT/Cristian,ATS,Wotr,Starbridge,Plaster & Sons,2 960 km,2 959 km,118 km/h,Real,62 936 $,0 $,0,5860,2026-09-11,2959
Mr_Gerzon,ATS,Wotr,Lonestar Forwarding,Rail Export,199 km,200 km,112 km/h,Real,13 002 $,0 $,0,497,2026-09-11,200
ELLUCHOMB,ATS,Wotr,Apade,Drake Cars,1 734 km,1 740 km,116 km/h,Real,72 114 $,0 $,0,3807,2026-09-11,1740
WAJOIK13,ATS,Wotr,Wallbert,Plaster & Sons,3 643 km,3 768 km,111 km/h,Real,12 032 $,8 240 $,0,6910,2026-09-11,3768
Undertaker03,ATS,Wotr,Gallon Oil,Sunshine Crops,1 590 km,1 590 km,119 km/h,Real,21 412 $,0 $,0,3290,2026-09-11,1590
ReyMisterio,ATS,Wotr,Gallon Oil,Sunshine Crops,1 590 km,1 590 km,116 km/h,Real,21 412 $,0 $,0,3347,2026-09-11,1590
ELLUCHOMB,ATS,Wotr,Gallon Oil,Sunshine Crops,1 590 km,1 590 km,119 km/h,Real,21 121 $,0 $,0,3674,2026-09-11,1590
CT/Cristian,ATS,Wotr,Gallon Oil,Sunshine Crops,1 590 km,1 591 km,115 km/h,Real,21 412 $,0 $,0,3308,2026-09-11,1591
Brayan Gamer,ATS,Wotr,Gallon Oil,Sunshine Crops,1 590 km,1 592 km,115 km/h,Real,21 412 $,0 $,0,3470,2026-09-11,1592
El puma (CT),ATS,Wotr,Gallon Oil,Sunshine Crops,1 590 km,1 593 km,120 km/h,Real,21 412 $,0 $,0,3336,2026-09-11,1593
Mr_Gerzon,ATS,Wotr,Gallon Oil,Sunshine Crops,1 590 km,1 597 km,114 km/h,Real,20 831 $,0 $,0,3510,2026-09-11,1597
ZayCruz,ATS,Wotr,Gallon Oil,Sunshine Crops,1 590 km,1 592 km,106 km/h,Real,21 412 $,0 $,0,3429,2026-09-11,1592
miguel_gamer,ATS,Estándar,Gallon Oil,Sunshine Crops,1 590 km,1 597 km,131 km/h,Carrera,17 825 $,0 $,4,3523,2026-09-11,1597
johan chiquiza,ATS,Wotr,Gallon Oil,Sunshine Crops,1 590 km,1 591 km,117 km/h,Real,20 831 $,1 400 $,0,3595,2026-09-11,1591
WAJOIK13,ATS,Wotr,Bushnell Farms,Evergreen,3 076 km,3 104 km,122 km/h,Real,194 733 $,3 220 $,0,5800,2026-09-11,3104
Camilo Gang,ATS,Wotr,Charged,Enterpriser,2 464 km,2 467 km,105 km/h,Real,38 653 $,0 $,0,4765,2026-09-11,2467
Guardian777,ATS,Wotr,Apade,GPW,487 km,488 km,110 km/h,Real,4 735 $,0 $,5,1203,2026-09-11,488
ReyMisterio,ATS,Wotr,Venture,Enterpriser,1 341 km,1 495 km,123 km/h,Real,30 205 $,0 $,0,3164,2026-09-11,1495
Brayan Gamer,ATS,Wotr,Venture,Enterpriser,1 341 km,1 472 km,115 km/h,Real,30 205 $,0 $,0,3072,2026-09-11,1472
Mr_Gerzon,ATS,Wotr,Venture,Enterpriser,1 341 km,1 470 km,121 km/h,Real,29 378 $,0 $,0,3151,2026-09-11,1470
johan chiquiza,ATS,Estándar,Venture,Enterpriser,1 341 km,1 483 km,129 km/h,Real,29 378 $,700 $,0,3220,2026-09-11,1483
El puma (CT),ATS,Wotr,Venture,Enterpriser,1 341 km,1 470 km,120 km/h,Real,30 205 $,0 $,0,3113,2026-09-11,1470
miguel_gamer,ATS,Wotr,Venture,Enterpriser,1 341 km,1 470 km,127 km/h,Real,30 205 $,0 $,0,3165,2026-09-11,1470
Guardian777,ATS,Wotr,GPW,Lonestar Forwarding,341 km,342 km,107 km/h,Real,6 554 $,0 $,9,815,2026-09-11,342
Mr_Gerzon,ATS,Wotr,Lonestar Forwarding,Bushnell Farms,1 067 km,1 068 km,126 km/h,Real,47 722 $,0 $,0,1966,2026-09-11,1068
ReyMisterio,ATS,Wotr,Enterpriser,Tidbit,2 175 km,2 201 km,122 km/h,Real,41 335 $,0 $,1,4108,2026-09-11,2201
El puma (CT),ATS,Wotr,Enterpriser,Tidbit,2 175 km,2 199 km,124 km/h,Real,43 706 $,0 $,0,4161,2026-09-11,2199
Brayan Gamer,ATS,Wotr,Enterpriser,Tidbit,2 175 km,2 187 km,115 km/h,Real,43 706 $,0 $,0,4131,2026-09-11,2187
johan chiquiza,ATS,Wotr,Enterpriser,Tidbit,2 175 km,2 177 km,110 km/h,Real,42 726 $,0 $,0,4147,2026-09-11,2177
Mr_Gerzon,ATS,Wotr,Coastline Mining,WDS,938 km,942 km,121 km/h,Real,27 384 $,0 $,0,1783,2026-09-11,942
Guardian777,ATS,Wotr,Enterpriser,Tidbit,2 175 km,2 182 km,118 km/h,Real,0 $,0 $,27,4332,2026-09-11,2182
ReyMisterio,ATS,Wotr,Lumen auto,HMS Machinery,1 379 km,1 376 km,116 km/h,Real,19 369 $,0 $,0,2547,2026-09-11,1376
Mr_Gerzon,ATS,Wotr,Lumen auto,HMS Machinery,1 379 km,1 376 km,117 km/h,Real,15 274 $,0 $,0,2561,2026-09-11,1376
El puma (CT),ATS,Wotr,Lumen auto,HMS Machinery,1 379 km,1 375 km,109 km/h,Real,19 369 $,0 $,0,2540,2026-09-11,1375
johan chiquiza,ATS,Wotr,Lumen auto,HMS Machinery,1 379 km,1 376 km,110 km/h,Real,10 559 $,0 $,11,2658,2026-09-11,1376
miguel_gamer,ATS,Wotr,Global Mills,Starbridge,2 051 km,2 054 km,106 km/h,Real,80 422 $,0 $,0,4494,2026-09-11,2054
Mr_Gerzon,ATS,Wotr,Bitumen,Bitumen,2 004 km,2 005 km,116 km/h,Real,62 152 $,0 $,0,4187,2026-09-11,2005
El puma (CT),ATS,Wotr,Bitumen,Bitumen,2 004 km,2 004 km,106 km/h,Real,27 979 $,0 $,13,4210,2026-09-11,2004
miguel_gamer,ATS,Wotr,Bitumen,Bitumen,2 004 km,2 037 km,109 km/h,Real,34 398 $,0 $,11,4545,2026-09-11,2037
WAJOIK13,ATS,Wotr,Evergreen,Rail Export,2 926 km,3 291 km,117 km/h,Real,121 827 $,8 300 $,0,6056,2026-09-11,3291
WAJOIK13,ATS,Wotr,Rail Export,Rock Port,2 881 km,3 514 km,113 km/h,Real,113 640 $,3 500 $,0,6473,2026-09-11,3514
WAJOIK13,ATS,Wotr,Rock Port,HMS Machinery,3 011 km,3 034 km,124 km/h,Real,202 723 $,7 100 $,0,5710,2026-09-11,3034
El puma (CT),ATS,Wotr,Shop Town,Global Mills,1 240 km,1 170 km,120 km/h,Real,15 080 $,0 $,0,2725,2026-09-11,1170
WAJOIK13,ATS,Wotr,HMS Machinery,Coastline Mining,2 454 km,2 557 km,121 km/h,Real,110 507 $,7 700 $,0,4723,2026-09-11,2557
MUISCACOL,ATS,Wotr,Coastline Mining,Bitumen,686 km,691 km,128 km/h,Real,21 917 $,900 $,7,1850,2026-09-11,691
El puma (CT),ATS,Wotr,Global Mills,Rail Export,1 577 km,1 468 km,118 km/h,Real,50 334 $,0 $,0,3281,2026-09-11,1468
johan chiquiza,ATS,Wotr,Flavorfair,Tidbit,1 710 km,1 711 km,110 km/h,Real,60 633 $,0 $,0,3175,2026-09-11,1711
MUISCACOL,ATS,Wotr,Bitumen,HMS Machinery,240 km,241 km,105 km/h,Real,9 145 $,700 $,2,760,2026-09-11,241
WAJOIK13,ATS,Wotr,Coastline Mining,Central Civil Works,2 306 km,2 502 km,116 km/h,Real,145 150 $,7 440 $,0,4628,2026-09-11,2502
ReyMisterio,ATS,Wotr,Flavorfair,Tidbit,1 710 km,1 723 km,121 km/h,Real,56 370 $,0 $,2,3236,2026-09-11,1723
ReyMisterio,ATS,Wotr,X-Tech Machinery,Cedar Rapids Airfield,240 km,222 km,106 km/h,Real,4 907 $,0 $,2,585,2026-09-11,222
El puma (CT),ATS,Wotr,Rail Export,Shop Town,2 081 km,1 775 km,106 km/h,Real,71 499 $,0 $,0,4569,2026-09-11,1775
johan chiquiza,ATS,Wotr,Rail Export,Shop Town,2 081 km,1 782 km,110 km/h,Real,64 969 $,0 $,2,3980,2026-09-11,1782
ReyMisterio,ATS,Wotr,Shop Town,Bitumen,1 261 km,1 084 km,112 km/h,Real,4 381 $,0 $,0,2360,2026-09-11,1084
johan chiquiza,ATS,Wotr,Shop Town,Bitumen,1 261 km,1 085 km,111 km/h,Real,4 310 $,0 $,0,2423,2026-09-11,1085
El puma (CT),ATS,Wotr,Shop Town,Bitumen,1 261 km,1 083 km,112 km/h,Real,4 310 $,0 $,0,2426,2026-09-11,1083
Mr_Gerzon,ATS,Wotr,Peterbilt,MWM,3 172 km,2 521 km,106 km/h,Real,4 816 $,0 $,1,5592,2026-09-11,2521
WAJOIK13,ATS,Wotr,US Beverages & Bottling,Deepgrove,3 804 km,4 167 km,111 km/h,Real,101 867 $,8 040 $,0,7705,2026-09-11,4167
miguel_gamer,ATS,Estándar,Wallbert,Rail Export,949 km,931 km,111 km/h,Real,39 838 $,0 $,0,2656,2026-09-11,931
BlGFOOT,ATS,Wotr,Gallon Oil,NAMIQ,2 987 km,3 173 km,116 km/h,Real,15 047 $,0 $,0,5851,2026-09-11,3173
johan chiquiza,ATS,Wotr,SellGoods,SellGoods,2 133 km,2 496 km,129 km/h,Real,5 150 $,0 $,22,5834,2026-09-11,2496
Mr_Gerzon,ATS,Wotr,Coastline Mining,Buildmaster Manufacturing Co.,2 331 km,2 036 km,128 km/h,Real,47 403 $,0 $,0,4684,2026-09-11,2036
ReyMisterio,ATS,Wotr,Bitumen,NAMIQ,228 km,239 km,111 km/h,Real,5 308 $,0 $,0,539,2026-09-11,239
Mr_Gerzon,ATS,Wotr,Farmer's Barn,Port of Tacoma,2 512 km,2 349 km,111 km/h,Real,4 233 $,0 $,3,5223,2026-09-11,2349
WAJOIK13,ATS,Wotr,Lumen auto,Rock Port,4 152 km,5 114 km,115 km/h,Real,244 423 $,13 640 $,0,9643,2026-09-12,5114
Old_picotto,ATS,Wotr,Coastline Mining,Taylor Construction Group,2 888 km,2 904 km,113 km/h,Real,146 745 $,0 $,0,6493,2026-09-12,2904
johan chiquiza,ATS,Wotr,SellGoods,Enterpriser,1 924 km,2 183 km,118 km/h,Real,67 175 $,0 $,0,4871,2026-09-12,2183
Mr_Gerzon,ATS,Wotr,Port of Seattle,Bushnell Farms,528 km,520 km,116 km/h,Real,28 021 $,0 $,0,1423,2026-09-12,520
Mr_Gerzon,ATS,Wotr,SellGoods,Rail Export,655 km,656 km,106 km/h,Real,15 635 $,0 $,1,1530,2026-09-12,656
WAJOIK13,ATS,Wotr,Rock Port,Oakland Shippers,3 458 km,3 537 km,120 km/h,Real,126 584 $,8 940 $,0,6499,2026-09-12,3537
ReyMisterio,ATS,Wotr,Bitumen,Plaster & Sons,1 273 km,1 271 km,126 km/h,Real,22 768 $,0 $,0,2621,2026-09-12,1271
Mr_Gerzon,ATS,Wotr,Bitumen,Plaster & Sons,1 273 km,1 283 km,129 km/h,Real,22 149 $,0 $,0,2685,2026-09-12,1283
Brayan Gamer,ATS,Wotr,Bitumen,Plaster & Sons,1 273 km,1 272 km,115 km/h,Real,22 768 $,0 $,0,2782,2026-09-12,1272
johan chiquiza,ATS,Wotr,Bitumen,Plaster & Sons,1 273 km,1 272 km,131 km/h,Carrera,22 355 $,0 $,0,2752,2026-09-12,1272
ELLUCHOMB,ATS,Wotr,Bitumen,Plaster & Sons,1 273 km,1 278 km,125 km/h,Real,22 458 $,0 $,0,2749,2026-09-12,1278
El puma (CT),ATS,Wotr,Plaster & Sons,Venture,1 650 km,1 652 km,123 km/h,Real,33 956 $,0 $,0,3086,2026-09-12,1652
ReyMisterio,ATS,Wotr,Plaster & Sons,Venture,1 650 km,1 649 km,114 km/h,Real,34 574 $,0 $,0,3057,2026-09-12,1649
Brayan Gamer,ATS,Wotr,Plaster & Sons,Venture,1 650 km,1 650 km,115 km/h,Real,34 574 $,0 $,0,3170,2026-09-12,1650
johan chiquiza,ATS,Wotr,Plaster & Sons,Venture,1 650 km,1 644 km,124 km/h,Real,34 110 $,0 $,0,3196,2026-09-12,1644
Mr_Gerzon,ATS,Wotr,Plaster & Sons,Venture,1 650 km,1 651 km,123 km/h,Real,33 801 $,0 $,0,3247,2026-09-12,1651
miguel_gamer,ATS,Wotr,Plaster & Sons,Venture,1 650 km,1 654 km,114 km/h,Real,34 574 $,0 $,0,3261,2026-09-12,1654
ELLUCHOMB,ATS,Wotr,Plaster & Sons,Venture,1 650 km,1 689 km,121 km/h,Real,34 110 $,0 $,0,3576,2026-09-12,1689
WAJOIK13,ATS,Wotr,Oakland Shippers,Evergreen,2 782 km,2 776 km,124 km/h,Real,38 905 $,4 200 $,0,5278,2026-09-12,2776
Guardian777,ATS,Wotr,Azure,Plaster & Sons,1 152 km,1 195 km,114 km/h,Real,0 $,0 $,81,2615,2026-09-12,1195
ReyMisterio,ATS,Wotr,Starbridge,Deepgrove,1 466 km,1 462 km,123 km/h,Real,74 888 $,0 $,0,2705,2026-09-12,1462
Mr_Gerzon,ATS,Wotr,Starbridge,Deepgrove,1 466 km,1 466 km,125 km/h,Real,73 537 $,0 $,0,2747,2026-09-12,1466
Brayan Gamer,ATS,Wotr,Starbridge,Deepgrove,1 466 km,1 466 km,115 km/h,Real,66 259 $,0 $,2,2821,2026-09-12,1466
El puma (CT),ATS,Wotr,Starbridge,Deepgrove,1 466 km,1 468 km,107 km/h,Real,73 807 $,0 $,0,2737,2026-09-12,1468
miguel_gamer,ATS,Wotr,Starbridge,Deepgrove,1 466 km,1 469 km,123 km/h,Real,70 706 $,0 $,1,2783,2026-09-12,1469
johan chiquiza,ATS,Wotr,Starbridge,Deepgrove,1 466 km,1 469 km,125 km/h,Real,74 077 $,0 $,0,2856,2026-09-12,1469
{CL} Moises,ATS,Estándar,Port of SF,Eddy's,8 km,3 km,56 km/h,Real,138 121 $,140 $,0,131,2026-09-12,3
ELLUCHOMB,ATS,Wotr,Starbridge,Deepgrove,1 466 km,1 478 km,124 km/h,Real,13 832 $,0 $,20,2975,2026-09-12,1478
{CL} Moises,ATS,Estándar,Venture,Enterpriser,181 km,1 km,39 km/h,Real,5 376 628 $,0 $,0,46,2026-09-12,1
{CL} Moises,ATS,Wotr,Lumen auto,Bushnell Farms,387 km,383 km,123 km/h,Real,13 456 $,0 $,0,952,2026-09-12,383
Mr_Gerzon,ATS,Wotr,HMS Machinery,Rail Export,2 396 km,2 397 km,115 km/h,Real,32 297 $,0 $,0,4624,2026-09-12,2397
miguel_gamer,ATS,Wotr,HMS Machinery,Rail Export,2 396 km,2 400 km,120 km/h,Real,32 944 $,0 $,1,4745,2026-09-12,2400
miguel_gamer,ATS,Wotr,Rail Export,Eddy's,2 157 km,2 166 km,112 km/h,Real,83 350 $,0 $,0,4538,2026-09-12,2166
BlGFOOT,ATS,Wotr,Flavorfair,Apade,3 982 km,4 476 km,117 km/h,Real,9 041 $,0 $,0,8027,2026-09-12,4476
WAJOIK13,ATS,Wotr,Deepgrove,Galveston Port,4 028 km,5 014 km,122 km/h,Real,269 226 $,24 800 $,0,9924,2026-09-12,5014
BlGFOOT,ATS,Wotr,Wallbert,Equos Power Transport,3 711 km,4 602 km,121 km/h,Real,37 391 $,0 $,0,8343,2026-09-12,4602
WAJOIK13,ATS,Wotr,Galveston Port,Wallbert,2 602 km,2 601 km,114 km/h,Real,96 782 $,8 920 $,0,4869,2026-09-12,2601
WAJOIK13,ATS,Wotr,Wallbert,Elimax,2 251 km,2 500 km,110 km/h,Real,32 689 $,5 600 $,0,4729,2026-09-12,2500
ZayCruz,ATS,Wotr,Eddy's,MWM,2 288 km,2 278 km,106 km/h,Real,49 253 $,0 $,0,4413,2026-09-12,2278
BlGFOOT,ATS,Wotr,Peterbilt,Deepgrove,4 025 km,4 701 km,120 km/h,Real,9 526 $,0 $,0,8576,2026-09-12,4701
WAJOIK13,ATS,Wotr,Elimax,Starbridge,2 714 km,2 712 km,120 km/h,Real,105 294 $,7 400 $,0,4976,2026-09-12,2712
MUISCACOL,ATS,Wotr,Enterpriser,Coastline Mining,621 km,658 km,110 km/h,Real,16 804 $,900 $,0,1719,2026-09-12,658
WAJOIK13,ATS,Wotr,Starbridge,GARC,2 696 km,2 696 km,116 km/h,Real,98 823 $,3 500 $,0,4983,2026-09-12,2696
{CL} Moises,ATS,Wotr,Wallbert,Enterpriser,1 193 km,1 491 km,117 km/h,Real,9 602 $,0 $,0,3193,2026-09-12,1491
BlGFOOT,ATS,Wotr,Lumen auto,Corpus Christi Cargo Terminal,3 694 km,4 124 km,119 km/h,Real,43 652 $,0 $,0,7443,2026-09-12,4124
MUISCACOL,ATS,Wotr,Coastline Mining,Coastline Mining,649 km,811 km,127 km/h,Real,20 640 $,8 720 $,3,2628,2026-09-12,811
johan chiquiza,ATS,Wotr,HMS Machinery,Rail Export,2 396 km,2 401 km,122 km/h,Real,32 555 $,0 $,0,5089,2026-09-12,2401
{CL} Moises,ATS,Wotr,Elegrid,Plaster & Sons,1 083 km,1 084 km,124 km/h,Real,18 796 $,0 $,0,2007,2026-09-12,1084
WAJOIK13,ATS,Wotr,GARC,Gallon Oil,3 304 km,3 302 km,117 km/h,Real,249 488 $,11 900 $,0,6149,2026-09-12,3302
{CL} Moises,ATS,Wotr,Deepgrove,Starbridge,888 km,1 023 km,150 km/h,Carrera,14 697 $,0 $,0,1987,2026-09-12,1023
MUISCACOL,ATS,Wotr,Calimondo,HMS Machinery,494 km,618 km,106 km/h,Real,14 184 $,14 000 $,1,2402,2026-09-12,618
{CL} Moises,ATS,Wotr,AI Automotive,AI Automotive,1 125 km,1 406 km,129 km/h,Real,9 451 $,0 $,3,3088,2026-09-12,1406
ReyMisterio,ATS,Wotr,Fish Tail Food,Venture,3 420 km,3 991 km,123 km/h,Real,126 642 $,0 $,0,7301,2026-09-12,3991
BlGFOOT,ATS,Wotr,NAMIQ,Avalanche Steel,3 562 km,4 083 km,120 km/h,Real,96 653 $,0 $,0,7331,2026-09-12,4083
miguel_gamer,ATS,Wotr,Bitumen,American Lines,1 450 km,1 446 km,109 km/h,Real,37 207 $,0 $,4,2759,2026-09-12,1446
ReyMisterio,ATS,Wotr,Venture,Sunshine Crops,1 224 km,1 224 km,126 km/h,Real,38 014 $,0 $,5,2310,2026-09-12,1224
WAJOIK13,ATS,Wotr,HMS Machinery,Gulfica,4 210 km,5 088 km,113 km/h,Real,61 387 $,23 580 $,0,9535,2026-09-13,5088
johan chiquiza,ATS,Wotr,Fish Tail Food,Venture,3 420 km,4 001 km,114 km/h,Real,125 521 $,0 $,0,7449,2026-09-13,4001
ReyMisterio,ATS,Wotr,Sunshine Crops,LA Seaport,2 022 km,2 021 km,129 km/h,Real,62 017 $,0 $,0,3771,2026-09-13,2021
WAJOIK13,ATS,Wotr,Gulfica,SellGoods,2 273 km,2 538 km,114 km/h,Real,31 050 $,8 400 $,0,4676,2026-09-13,2538
Brayan Gamer,ATS,Wotr,HMS Machinery,Rail Export,2 396 km,2 404 km,115 km/h,Real,19 767 $,0 $,0,4731,2026-09-13,2404
ReyMisterio,ATS,Wotr,Golden Meadows,Grand Pastures,1 652 km,1 652 km,116 km/h,Real,102 814 $,0 $,0,3165,2026-09-13,1652
johan chiquiza,ATS,Wotr,Golden Meadows,Grand Pastures,1 652 km,1 650 km,112 km/h,Real,102 405 $,0 $,0,3233,2026-09-13,1650
Mr_Gerzon,ATS,Wotr,Chemso Ltd.,Page & Price Paper,2 722 km,2 959 km,129 km/h,Real,113 515 $,0 $,0,6194,2026-09-13,2959
Undertaker03,ATS,Wotr,Ultimus,Vortex,1 837 km,1 847 km,111 km/h,Real,19 652 $,0 $,0,3710,2026-09-13,1847
ReyMisterio,ATS,Wotr,Sunshine Crops,Sunshine Crops,1 075 km,1 076 km,123 km/h,Real,67 726 $,0 $,0,2357,2026-09-13,1076
Brayan Gamer,ATS,Wotr,Bushnell Farms,Sunshine Crops,2 227 km,2 228 km,110 km/h,Real,4 016 $,0 $,0,4203,2026-09-13,2228
ReyMisterio,ATS,Wotr,Farmer's Barn,Wallbert,276 km,277 km,108 km/h,Real,1 370 $,0 $,0,596,2026-09-13,277
johan chiquiza,ATS,Wotr,Grand Pastures,Rail Export,2 124 km,2 239 km,122 km/h,Real,136 255 $,0 $,0,4910,2026-09-13,2239
Brayan Gamer,ATS,Wotr,Sunshine Crops,Mon Coeur,366 km,366 km,107 km/h,Real,1 620 $,0 $,0,793,2026-09-13,366
Undertaker03,ATS,Wotr,Vortex,Lonestar Forwarding,1 103 km,1 101 km,114 km/h,Real,72 951 $,0 $,0,2232,2026-09-13,1101
WAJOIK13,ATS,Wotr,Shop Town,Page & Price Paper,3 683 km,4 119 km,118 km/h,Real,94 049 $,13 280 $,0,7761,2026-09-13,4119
ReyMisterio,ATS,Wotr,Kenworth,Kenworth,311 km,313 km,116 km/h,Real,20 848 $,0 $,0,688,2026-09-13,313
johan chiquiza,ATS,Wotr,Kenworth,Kenworth,311 km,313 km,115 km/h,Real,20 770 $,0 $,0,788,2026-09-13,313
Brayan Gamer,ATS,Wotr,Elimax,SellGoods,2 187 km,1 916 km,116 km/h,Real,78 948 $,0 $,13,4727,2026-09-13,1916
{CL} Moises,ATS,Estándar,Sunshine Crops,SellGoods,521 km,442 km,120 km/h,Real,2 086 $,0 $,0,1118,2026-09-13,442
Undertaker03,ATS,Wotr,Elimax,SellGoods,2 187 km,1 942 km,113 km/h,Real,59 233 $,0 $,16,4794,2026-09-13,1942
johan chiquiza,ATS,Wotr,Elimax,SellGoods,2 187 km,1 912 km,111 km/h,Real,150 413 $,0 $,2,4676,2026-09-13,1912
ReyMisterio,ATS,Wotr,Elimax,SellGoods,2 187 km,1 980 km,112 km/h,Real,122 447 $,0 $,6,4624,2026-09-13,1980
andres guerra,ATS,Estándar,bodegon,Bitumen,63 km,60 km,80 km/h,Real,646 $,0 $,0,1286,2026-09-13,60
Mr_Gerzon,ATS,Wotr,Page & Price Paper,US Beverages & Bottling,3 441 km,4 188 km,128 km/h,Real,38 481 $,0 $,0,8230,2026-09-13,4188
Mr_Gerzon,ATS,Wotr,Enterpriser,SellGoods,3 436 km,3 649 km,123 km/h,Real,116 420 $,0 $,2,8087,2026-09-13,3649
WAJOIK13,ATS,Wotr,Page & Price Paper,MWM,4 235 km,5 232 km,119 km/h,Real,157 133 $,16 120 $,0,9643,2026-09-13,5232
WAJOIK13,ATS,Wotr,MWM,GARC,1 674 km,1 668 km,115 km/h,Real,49 235 $,9 200 $,0,3086,2026-09-13,1668
WAJOIK13,ATS,Wotr,GARC,Syntetico,1 559 km,1 555 km,114 km/h,Real,60 933 $,6 040 $,0,2853,2026-09-13,1555
JotaRomero1604,ATS,Wotr,MWM,Taylor Construction Group,1 612 km,1 627 km,107 km/h,Real,36 278 $,0 $,2,3683,2026-09-13,1627
El puma (CT),ATS,Wotr,Enterpriser,GARC,2 463 km,2 463 km,110 km/h,Real,70 434 $,0 $,0,4756,2026-09-13,2463
WAJOIK13,ATS,Wotr,Syntetico,US Beverages & Bottling,2 551 km,2 551 km,113 km/h,Real,127 883 $,4 200 $,0,4769,2026-09-13,2551
Brayan Gamer,ATS,Wotr,Deepgrove,Waldens,1 636 km,1 637 km,115 km/h,Real,35 582 $,0 $,0,3102,2026-09-13,1637
ZayCruz,ATS,Wotr,Pickit,Avalanche Steel,2 906 km,2 916 km,105 km/h,Real,9 719 $,0 $,0,5791,2026-09-13,2916
MUISCACOL,ATS,Wotr,Calimondo,Coastline Mining,202 km,212 km,105 km/h,Real,2 612 $,3 300 $,0,851,2026-09-13,212
WAJOIK13,ATS,Wotr,Deepgrove,Page & Price Paper,4 058 km,4 999 km,121 km/h,Real,152 103 $,11 100 $,0,9269,2026-09-13,4999
Manueloso27,ATS,Wotr,Sea Horizon,Farmer's Barn,1 878 km,2 069 km,120 km/h,Real,8 485 $,0 $,3,4160,2026-09-13,2069
ELLUCHOMB,ATS,Wotr,Coastline Mining,Peterbilt,1 112 km,1 114 km,124 km/h,Real,14 965 $,0 $,1,2150,2026-09-13,1114
ELLUCHOMB,ATS,Wotr,Bitumen,HMS Machinery,1 093 km,1 095 km,123 km/h,Real,36 867 $,0 $,1,2083,2026-09-13,1095
WAJOIK13,ATS,Wotr,Enterpriser,SellGoods,2 666 km,2 659 km,109 km/h,Real,81 630 $,6 500 $,0,5001,2026-09-13,2659
Brayan Gamer,ATS,Wotr,Home Store,Venture,2 875 km,2 876 km,115 km/h,Real,39 984 $,0 $,0,5548,2026-09-13,2876
johan chiquiza,ATS,Wotr,Venture,Heartwood Furniture,3 608 km,3 646 km,121 km/h,Real,83 962 $,0 $,0,6994,2026-09-13,3646
ELLUCHOMB,ATS,Wotr,Drake Cars,Sunshine Crops,1 738 km,1 740 km,119 km/h,Real,26 562 $,0 $,1,3284,2026-09-13,1740
Brayan Gamer,ATS,Wotr,Venture,Heartwood Furniture,3 608 km,3 650 km,119 km/h,Real,83 962 $,0 $,0,6966,2026-09-13,3650
Manueloso27,ATS,Wotr,AI Automotive,SellGoods,2 366 km,2 879 km,127 km/h,Real,42 011 $,0 $,0,5486,2026-09-13,2879
Brayan Gamer,ATS,Wotr,Peterbilt,Western Star,3 542 km,3 535 km,114 km/h,Real,9 808 $,0 $,4,6565,2026-09-13,3535
johan chiquiza,ATS,Wotr,Peterbilt,Western Star,3 542 km,3 539 km,117 km/h,Real,11 717 $,0 $,0,6591,2026-09-13,3539
WAJOIK13,ATS,Wotr,Dr. Hammer,SellGoods,4 192 km,5 072 km,122 km/h,Real,57 492 $,20 100 $,0,9508,2026-09-14,5072
ZayCruz,ATS,Wotr,Ultimus,Oakland Shippers,3 475 km,3 485 km,100 km/h,Real,125 115 $,0 $,2,7666,2026-09-14,3485
WAJOIK13,ATS,Wotr,SellGoods,Enterpriser,3 549 km,3 542 km,116 km/h,Real,88 271 $,22 480 $,0,6717,2026-09-14,3542
Brayan Gamer,ATS,Estándar,US Beverages & Bottling,Rail Export,1 011 km,858 km,129 km/h,Real,5 235 197 $,0 $,0,1993,2026-09-14,858
johan chiquiza,ATS,Wotr,Haddock Shipyard,Farmer's Barn,3 421 km,4 015 km,124 km/h,Real,240 149 $,0 $,0,8501,2026-09-14,4015
ELLUCHOMB,ATS,Wotr,Shop Town,Coastline Mining,1 897 km,1 967 km,120 km/h,Real,6 117 $,0 $,1,3861,2026-09-14,1967
El puma (CT),ATS,Wotr,Shop Town,Coastline Mining,1 897 km,2 011 km,119 km/h,Real,6 421 $,0 $,0,3895,2026-09-14,2011
Brayan Gamer,ATS,Wotr,Shop Town,Coastline Mining,1 897 km,2 011 km,115 km/h,Real,6 421 $,0 $,0,3893,2026-09-14,2011
ZayCruz,ATS,Wotr,Shop Town,Coastline Mining,1 897 km,2 012 km,105 km/h,Real,6 421 $,0 $,0,3925,2026-09-14,2012
Old_picotto,ATS,Wotr,Taylor Construction Group,Plaster & Sons,2 036 km,2 036 km,109 km/h,Real,78 279 $,0 $,1,3875,2026-09-14,2036
andres guerra,ATS,Wotr,Shop Town,Coastline Mining,1 897 km,1 964 km,117 km/h,Real,6 421 $,0 $,0,4116,2026-09-14,1964
WAJOIK13,ATS,Wotr,Enterpriser,Enterpriser,2 537 km,2 534 km,115 km/h,Real,105 675 $,15 240 $,0,4726,2026-09-14,2534
Mr_Gerzon,ATS,Wotr,Avalanche Steel,Petrolucent,3 887 km,3 969 km,117 km/h,Real,117 454 $,0 $,0,7902,2026-09-14,3969
Guardian777,ATS,Wotr,Enterpriser,Shop Town,1 362 km,1 703 km,125 km/h,Real,61 257 $,0 $,0,3156,2026-09-14,1703
El puma (CT),ATS,Wotr,Apade,Starbridge,2 483 km,2 486 km,120 km/h,Real,74 344 $,0 $,0,4541,2026-09-14,2486
Brayan Gamer,ATS,Wotr,Apade,Starbridge,2 483 km,2 483 km,121 km/h,Real,74 344 $,0 $,0,4589,2026-09-14,2483
ZayCruz,ATS,Wotr,Apade,Starbridge,2 483 km,2 485 km,105 km/h,Real,74 344 $,0 $,0,4642,2026-09-14,2485
johan chiquiza,ATS,Wotr,Apade,Starbridge,2 483 km,2 476 km,130 km/h,Real,74 344 $,0 $,0,4944,2026-09-14,2476
JotaRomero1604,ATS,Wotr,Coastline Mining,Central Civil Works,2 039 km,2 117 km,121 km/h,Real,21 164 $,0 $,0,4388,2026-09-14,2117
Guardian777,ATS,Wotr,Shop Town,Rail Export,321 km,321 km,109 km/h,Real,7 139 $,0 $,3,819,2026-09-14,321
andres guerra,ATS,Wotr,Coastline Mining,NAMIQ,1 518 km,1 898 km,125 km/h,Real,18 843 $,0 $,19,5304,2026-09-14,1898
Brayan Gamer,ATS,Wotr,Deepgrove,Bushnell Farms,2 198 km,2 191 km,119 km/h,Real,94 863 $,0 $,0,4058,2026-09-14,2191
johan chiquiza,ATS,Wotr,Deepgrove,Bushnell Farms,2 198 km,2 193 km,124 km/h,Real,94 863 $,0 $,0,4085,2026-09-14,2193
Mr_Gerzon,ATS,Wotr,Vitas Power,Enterpriser,3 723 km,4 070 km,122 km/h,Real,38 767 $,0 $,4,8277,2026-09-14,4070
johan chiquiza,ATS,Wotr,Bushnell Farms,Waldens,1 053 km,1 052 km,118 km/h,Real,24 226 $,0 $,1,2007,2026-09-14,1052
ELLUCHOMB,ATS,Wotr,Bushnell Farms,Waldens,1 053 km,1 062 km,124 km/h,Real,24 802 $,0 $,1,2083,2026-09-14,1062
Brayan Gamer,ATS,Wotr,Bushnell Farms,Waldens,1 053 km,1 053 km,116 km/h,Real,24 414 $,0 $,1,2066,2026-09-14,1053
Brayan Gamer,ATS,Wotr,Bushnell Farms,Petrolucent,2 057 km,2 058 km,115 km/h,Real,63 481 $,0 $,1,4181,2026-09-14,2058
johan chiquiza,ATS,Wotr,Bushnell Farms,Petrolucent,2 057 km,2 059 km,118 km/h,Real,60 432 $,0 $,2,4306,2026-09-14,2059
WAJOIK13,ATS,Wotr,Enterpriser,Equos Power Transport,2 870 km,3 080 km,116 km/h,Real,52 700 $,12 960 $,0,5546,2026-09-14,3080
WAJOIK13,ATS,Wotr,Alis Cars,Lumen auto,2 864 km,3 265 km,119 km/h,Real,172 496 $,9 100 $,0,6144,2026-09-14,3265
El puma (CT),ATS,Wotr,Starbridge,42 Print,1 659 km,1 659 km,122 km/h,Real,30 491 $,0 $,0,3002,2026-09-14,1659
ReyMisterio,ATS,Wotr,Gallon Oil,HMS Machinery,2 541 km,2 607 km,121 km/h,Real,143 987 $,0 $,0,4864,2026-09-14,2607
WAJOIK13,ATS,Wotr,Lumen auto,Deep Wells,4 074 km,5 074 km,117 km/h,Real,66 521 $,14 720 $,0,9429,2026-09-14,5074
johan chiquiza,ATS,Wotr,Petrolucent,Sea Horizon,2 941 km,3 562 km,131 km/h,Carrera,198 023 $,0 $,0,7324,2026-09-14,3562
Juan Esteban M,ATS,Wotr,Home Store,Page & Price Paper,3 485 km,3 571 km,111 km/h,Real,39 255 $,0 $,3,8189,2026-09-14,3571
WAJOIK13,ATS,Wotr,Deep Wells,Gallon Oil,2 910 km,3 631 km,117 km/h,Real,186 660 $,18 720 $,0,6883,2026-09-14,3631
WAJOIK13,ATS,Wotr,Bushnell Farms,Sunshine Crops,2 201 km,2 224 km,118 km/h,Real,97 167 $,6 020 $,0,4200,2026-09-14,2224
El puma (CT),ATS,Wotr,Voltison,Lonestar Forwarding,845 km,1 013 km,121 km/h,Real,48 030 $,0 $,0,1960,2026-09-14,1013
{CL} Moises,ATS,Wotr,Voltison,Lonestar Forwarding,845 km,1 012 km,120 km/h,Real,48 030 $,0 $,0,2080,2026-09-14,1012
Brayan Gamer,ATS,Wotr,Voltison,Lonestar Forwarding,845 km,1 012 km,115 km/h,Real,48 030 $,0 $,0,2093,2026-09-14,1012
johan chiquiza,ATS,Wotr,Lumen auto,Wanderlust,4 277 km,5 275 km,119 km/h,Real,238 787 $,0 $,1,10125,2026-09-14,5275
El puma (CT),ATS,Wotr,Lonestar Forwarding,Venture,928 km,929 km,119 km/h,Real,9 894 $,0 $,0,1766,2026-09-14,929
miguel_gamer,ATS,Estándar,Wallbert,Enterpriser,411 km,409 km,122 km/h,Real,6 881 $,0 $,0,985,2026-09-14,409
BlGFOOT,ATS,Wotr,Deepgrove,GARC,3 590 km,4 021 km,123 km/h,Real,19 668 $,0 $,0,7224,2026-09-14,4021
{CL} Moises,ATS,Wotr,Deepgrove,Sunshine Crops,1 072 km,1 340 km,120 km/h,Real,31 809 $,0 $,1,2825,2026-09-14,1340
El puma (CT),ATS,Wotr,Venture,Eddy's,1 111 km,1 114 km,114 km/h,Real,49 453 $,0 $,0,2125,2026-09-14,1114
El puma (CT),ATS,Wotr,Shop Town,WDS,1 000 km,1 195 km,123 km/h,Real,25 464 $,0 $,0,2300,2026-09-14,1195
{CL} Moises,ATS,Wotr,Shop Town,WDS,1 000 km,1 193 km,125 km/h,Real,25 464 $,0 $,0,2392,2026-09-14,1193
Mr_Gerzon,ATS,Wotr,Bitumen,Nielsen Roads,2 258 km,2 254 km,106 km/h,Real,21 673 $,0 $,0,4272,2026-09-14,2254
WAJOIK13,ATS,Wotr,Coastline Mining,Taylor Construction Group,4 073 km,5 073 km,118 km/h,Real,118 780 $,14 220 $,0,9519,2026-09-14,5073
MUISCACOL,ATS,Wotr,Sunshine Crops,Sunshine Crops,670 km,778 km,97 km/h,Real,39 499 $,4 300 $,1,2935,2026-09-15,778
Mr_Gerzon,ATS,Wotr,Steeler,Deepgrove,2 685 km,2 635 km,106 km/h,Real,81 921 $,0 $,0,5724,2026-09-15,2635
WAJOIK13,ATS,Wotr,Dr. Hammer,Oakland Shippers,3 573 km,3 570 km,122 km/h,Real,95 786 $,13 100 $,0,6585,2026-09-15,3570
Mr_Gerzon,ATS,Wotr,Bitumen,Bitumen,200 km,228 km,106 km/h,Real,8 701 $,0 $,0,563,2026-09-15,228
johan chiquiza,ATS,Wotr,Creole Bay Port,Portland Cargo Central,3 946 km,4 933 km,120 km/h,Real,306 239 $,0 $,0,11131,2026-09-15,4933
ZayCruz,ATS,Wotr,Enterpriser,WDS,1 258 km,1 257 km,106 km/h,Real,30 160 $,0 $,0,2548,2026-09-15,1257
Brayan Gamer,ATS,Wotr,Lonestar Forwarding,Venture,928 km,955 km,115 km/h,Real,5 937 $,0 $,0,1907,2026-09-15,955
MUISCACOL,ATS,Wotr,Chemso Ltd.,Rail Export,155 km,149 km,85 km/h,Real,12 054 $,700 $,0,1240,2026-09-15,149
CT/Cristian,ATS,Wotr,Wallbert,Starbridge,1 359 km,1 360 km,115 km/h,Real,18 900 $,0 $,0,2763,2026-09-15,1360
Mr_Gerzon,ATS,Wotr,Wallbert,Starbridge,1 359 km,1 374 km,110 km/h,Real,23 476 $,0 $,0,3075,2026-09-15,1374
ReyMisterio,ATS,Wotr,Wallbert,Starbridge,1 359 km,1 360 km,111 km/h,Real,23 476 $,0 $,0,2781,2026-09-15,1360
johan chiquiza,ATS,Wotr,Wallbert,Starbridge,1 359 km,1 380 km,114 km/h,Real,23 476 $,0 $,0,2959,2026-09-15,1380
profeta(CT),ATS,Wotr,Wallbert,Starbridge,1 359 km,1 364 km,111 km/h,Real,23 476 $,0 $,0,2881,2026-09-15,1364
ZayCruz,ATS,Wotr,Wallbert,Starbridge,1 359 km,1 363 km,105 km/h,Real,23 476 $,0 $,0,2896,2026-09-15,1363
El puma (CT),ATS,Wotr,Wallbert,Starbridge,1 359 km,1 374 km,109 km/h,Real,23 476 $,0 $,0,2961,2026-09-15,1374
Brayan Gamer,ATS,Wotr,Wallbert,Starbridge,1 359 km,1 361 km,111 km/h,Real,23 476 $,0 $,0,2942,2026-09-15,1361
WAJOIK13,ATS,Wotr,Oakland Shippers,Rock Port,3 448 km,3 509 km,119 km/h,Real,226 124 $,4 540 $,0,6476,2026-09-15,3509
Mr_Gerzon,ATS,Wotr,Lumen auto,Rail Export,2 086 km,2 082 km,121 km/h,Real,118 874 $,0 $,0,3987,2026-09-15,2082
Brayan Gamer,ATS,Wotr,Lumen auto,Rail Export,2 086 km,2 087 km,115 km/h,Real,118 874 $,0 $,0,3996,2026-09-15,2087
ReyMisterio,ATS,Wotr,Lumen auto,Rail Export,2 086 km,2 085 km,124 km/h,Real,97 500 $,0 $,4,4053,2026-09-15,2085
El puma (CT),ATS,Wotr,Lumen auto,Rail Export,2 086 km,2 091 km,123 km/h,Real,112 651 $,0 $,1,4075,2026-09-15,2091
profeta(CT),ATS,Wotr,Lumen auto,Rail Export,2 086 km,2 087 km,122 km/h,Real,90 446 $,0 $,5,4090,2026-09-15,2087
ZayCruz,ATS,Wotr,Lumen auto,Rail Export,2 086 km,2 078 km,106 km/h,Real,118 874 $,0 $,0,4012,2026-09-15,2078
johan chiquiza,ATS,Wotr,Lumen auto,Rail Export,2 086 km,2 054 km,125 km/h,Real,100 512 $,0 $,3,4068,2026-09-15,2054
CT/Cristian,ATS,Wotr,Lumen auto,Rail Export,2 086 km,2 074 km,117 km/h,Real,88 285 $,0 $,3,4093,2026-09-15,2074
Mr_Gerzon,ATS,Wotr,Starbridge,SellGoods,1 491 km,1 485 km,118 km/h,Real,40 379 $,0 $,0,2954,2026-09-15,1485
Brayan Gamer,ATS,Wotr,Starbridge,SellGoods,1 491 km,1 486 km,115 km/h,Real,40 379 $,0 $,0,2938,2026-09-15,1486
{CL} Moises,ATS,Wotr,Drake Cars,Sunshine Crops,777 km,764 km,113 km/h,Real,27 411 $,0 $,0,1445,2026-09-15,764
Camilo Gang,ATS,Wotr,SellGoods,Plaster & Sons,1 475 km,1 844 km,120 km/h,Real,18 472 $,0 $,2,3543,2026-09-15,1844
WAJOIK13,ATS,Wotr,Deepgrove,Rock Port,4 381 km,5 319 km,124 km/h,Real,292 766 $,19 560 $,0,10009,2026-09-15,5319
WAJOIK13,ATS,Wotr,Rock Port,Wallbert,3 016 km,3 017 km,115 km/h,Real,64 214 $,10 320 $,0,5621,2026-09-15,3017
Trucker_JJ,ATS,Estándar,Home Store,Rail Export,3 869 km,4 466 km,129 km/h,Real,121 735 $,0 $,0,6876,2026-09-15,4466
El puma (CT),ATS,Wotr,Bitumen,Nielsen Roads,1 701 km,1 702 km,120 km/h,Real,47 515 $,0 $,0,3251,2026-09-15,1702
WAJOIK13,ATS,Wotr,Wallbert,Western Star,2 845 km,3 021 km,110 km/h,Real,5 064 $,9 120 $,0,5625,2026-09-15,3021
Trucker_JJ,ATS,Estándar,Wallbert,Wallbert,4 023 km,4 719 km,129 km/h,Real,104 095 $,0 $,0,7185,2026-09-15,4719
Mr_Gerzon,ATS,Wotr,American Lines,Nielsen Roads,2 613 km,3 266 km,117 km/h,Real,122 484 $,0 $,0,6775,2026-09-15,3266
ZayCruz,ATS,Wotr,Shop Town,Faraday,2 156 km,2 158 km,106 km/h,Real,26 852 $,0 $,0,4564,2026-09-15,2158
WAJOIK13,ATS,Wotr,Western Star,Page & Price Paper,4 031 km,5 031 km,112 km/h,Real,13 532 $,11 400 $,0,9358,2026-09-15,5031
Mr_Gerzon,ATS,Wotr,Alis Cars,HMS Machinery,3 721 km,3 408 km,117 km/h,Real,136 128 $,0 $,0,7314,2026-09-15,3408
johan chiquiza,ATS,Wotr,Plaster & Sons,Coastline Mining,2 731 km,2 855 km,119 km/h,Real,158 844 $,0 $,2,5914,2026-09-15,2855
{CL} Moises,ATS,Wotr,Enterpriser,Starbridge,680 km,617 km,117 km/h,Real,8 246 $,0 $,0,1364,2026-09-15,617
WAJOIK13,ATS,Wotr,Page & Price Paper,US Beverages & Bottling,3 420 km,4 024 km,117 km/h,Real,48 592 $,7 800 $,0,7434,2026-09-15,4024
{CL} Moises,ATS,Wotr,Gastream,Gastream,558 km,563 km,128 km/h,Real,37 352 $,0 $,0,1289,2026-09-15,563
El puma (CT),ATS,Wotr,Nielsen Roads,Coastline Mining,1 768 km,1 769 km,109 km/h,Real,81 452 $,0 $,0,3357,2026-09-15,1769
BlGFOOT,ATS,Wotr,Vortex,Enterpriser,3 701 km,4 375 km,117 km/h,Real,10 008 $,0 $,0,7920,2026-09-15,4375
WAJOIK13,ATS,Wotr,US Beverages & Bottling,Venture,2 356 km,2 638 km,123 km/h,Real,162 679 $,4 400 $,0,4715,2026-09-15,2638
Mr_Gerzon,ATS,Wotr,Equos Power Transport,Rock Port,111 km,111 km,106 km/h,Real,25 003 074 $,0 $,0,313,2026-09-15,111
{CL} Moises,ETS2,Estándar,Tradeaux,EuroGoodies,23 km,1 km,48 km/h,Real,40 331 €,80 €,0,46,2026-09-15,1
{CL} Moises,ETS2,Estándar,Tradeaux,FCP,104 km,3 km,48 km/h,Real,438 806 €,0 €,0,47,2026-09-15,3
Undertaker03,ATS,Wotr,Gallon Oil,Rail Export,635 km,638 km,112 km/h,Real,35 510 $,0 $,1,1466,2026-09-16,638
WAJOIK13,ATS,Wotr,Venture,Epro Gas,3 025 km,3 535 km,120 km/h,Real,133 678 $,8 600 $,0,6464,2026-09-16,3535
Undertaker03,ATS,Wotr,Shop Town,SellGoods,853 km,856 km,115 km/h,Real,12 092 $,0 $,2,2206,2026-09-16,856
johan chiquiza,ATS,Wotr,Coastline Mining,Chuck & Jack's,3 564 km,4 128 km,130 km/h,Real,163 347 $,0 $,2,8680,2026-09-16,4128
ReyMisterio,ATS,Wotr,Bushnell Farms,HMS Machinery,2 543 km,2 543 km,121 km/h,Real,62 326 $,0 $,5,4790,2026-09-16,2543
WAJOIK13,ATS,Wotr,Epro Gas,Page & Price Paper,3 134 km,3 450 km,126 km/h,Real,175 123 $,7 200 $,0,6423,2026-09-16,3450
Camilo Gang,ATS,Wotr,Wallbert,Enterpriser,1 048 km,1 310 km,116 km/h,Real,3 471 $,0 $,1,2668,2026-09-16,1310
MUISCACOL,ATS,Estándar,Enterpriser,Rail Export,63 km,79 km,117 km/h,Real,1 425 $,60 $,0,383,2026-09-16,79
MUISCACOL,ATS,Estándar,Steeler,Avalanche Steel,149 km,169 km,124 km/h,Real,1 432 $,140 $,0,528,2026-09-16,169
MUISCACOL,ATS,Estándar,Home Store,Rail Export,5 km,5 km,66 km/h,Real,100 148 $,0 $,0,222,2026-09-16,5
El puma (CT),ATS,Wotr,Drake Cars,Bitumen,1 468 km,1 245 km,107 km/h,Real,52 192 $,0 $,0,2743,2026-09-16,1245
johan chiquiza,ATS,Wotr,Drake Cars,Bitumen,1 468 km,1 249 km,123 km/h,Real,52 192 $,0 $,0,2833,2026-09-16,1249
Undertaker03,ATS,Wotr,Eddy's,Farmer's Barn,1 091 km,920 km,119 km/h,Real,15 798 $,0 $,0,2218,2026-09-16,920
ReyMisterio,ATS,Wotr,Eddy's,Farmer's Barn,1 091 km,949 km,123 km/h,Real,15 798 $,0 $,0,2233,2026-09-16,949
Guardian777,ATS,Wotr,Drake Cars,Bitumen,1 468 km,1 311 km,118 km/h,Real,0 $,0 $,89,3292,2026-09-16,1311
ELLUCHOMB,ATS,Wotr,Drake Cars,Bitumen,1 468 km,1 243 km,123 km/h,Real,46 231 $,0 $,2,2892,2026-09-16,1243
El puma (CT),ATS,Wotr,Bitumen,Bitumen,1 344 km,1 142 km,111 km/h,Real,21 663 $,0 $,0,2493,2026-09-16,1142
profeta(CT),ATS,Wotr,Bitumen,Bitumen,1 344 km,1 141 km,120 km/h,Real,20 048 $,0 $,1,2621,2026-09-16,1141
johan chiquiza,ATS,Wotr,Bitumen,Bitumen,1 344 km,1 144 km,124 km/h,Real,21 663 $,0 $,0,2714,2026-09-16,1144
Undertaker03,ATS,Wotr,AI Automotive,Apade,510 km,498 km,111 km/h,Real,6 116 $,0 $,17,1248,2026-09-16,498
ReyMisterio,ATS,Wotr,AI Automotive,Apade,510 km,502 km,110 km/h,Real,18 184 $,0 $,2,1194,2026-09-16,502
MUISCACOL,ATS,Wotr,Bitumen,Bitumen,1 344 km,1 203 km,110 km/h,Real,21 663 $,8 860 $,0,2917,2026-09-16,1203
WAJOIK13,ATS,Wotr,Drake Cars,Field Force Equipment,3 287 km,3 484 km,125 km/h,Real,195 356 $,5 100 $,0,6477,2026-09-16,3484
Mr_Gerzon,ATS,Wotr,Rock Port,Sunshine Crops,2 909 km,3 121 km,106 km/h,Real,90 655 $,0 $,3,6427,2026-09-16,3121
{CL} Moises,ATS,Wotr,Enterpriser,Lumen auto,733 km,638 km,109 km/h,Real,7 296 $,0 $,1,1446,2026-09-16,638
El puma (CT),ATS,Wotr,Enterpriser,Lumen auto,733 km,636 km,118 km/h,Real,7 721 $,0 $,0,1524,2026-09-16,636
johan chiquiza,ATS,Wotr,Enterpriser,Lumen auto,733 km,638 km,121 km/h,Real,7 721 $,0 $,0,1477,2026-09-16,638
Juan Esteban M,ATS,Estándar,ara,Agrominta UAB,178 km,125 km,99 km/h,Real,632 $,9 220 $,0,1416,2026-09-16,125
El puma (CT),ATS,Wotr,Avalanche Steel,Home Store,1 026 km,853 km,115 km/h,Real,12 523 $,0 $,0,1942,2026-09-16,853
johan chiquiza,ATS,Wotr,Avalanche Steel,Home Store,1 026 km,858 km,121 km/h,Real,12 523 $,0 $,0,2033,2026-09-16,858
{CL} Moises,ATS,Wotr,Avalanche Steel,Home Store,1 026 km,874 km,118 km/h,Real,12 523 $,0 $,0,2032,2026-09-16,874
ELLUCHOMB,ATS,Wotr,Avalanche Steel,Home Store,1 026 km,854 km,122 km/h,Real,13 716 $,0 $,0,2115,2026-09-16,854
Mr_Gerzon,ATS,Wotr,Sunshine Crops,Flavorfair,3 357 km,4 021 km,119 km/h,Real,120 239 $,0 $,2,9750,2026-09-16,4021
WAJOIK13,ATS,Wotr,Field Force Equipment,HMS Machinery,3 119 km,3 121 km,120 km/h,Real,33 525 $,4 400 $,0,5671,2026-09-16,3121
WAJOIK13,ATS,Wotr,HMS Machinery,GARC,2 699 km,2 699 km,112 km/h,Real,60 062 $,12 040 $,0,4917,2026-09-16,2699
ZayCruz,ATS,Wotr,Precision Car Parts,SellGoods,2 858 km,2 859 km,106 km/h,Real,193 132 $,0 $,3,6156,2026-09-16,2859
johan chiquiza,ATS,Wotr,Drake Cars,Rock Port,3 819 km,4 774 km,123 km/h,Real,82 380 $,0 $,15,9054,2026-09-16,4774
WAJOIK13,ATS,Wotr,Avalanche Steel,Rock Port,4 158 km,5 158 km,114 km/h,Real,13 940 $,16 800 $,0,9679,2026-09-16,5158
ReyMisterio,ATS,Wotr,Enterpriser,SellGoods,1 915 km,1 893 km,126 km/h,Real,42 831 $,0 $,5,4586,2026-09-16,1893
Undertaker03,ATS,Wotr,Enterpriser,SellGoods,1 915 km,1 862 km,125 km/h,Real,25 852 $,0 $,12,4771,2026-09-16,1862
johan chiquiza,ATS,Wotr,Enterpriser,SellGoods,1 915 km,1 853 km,127 km/h,Real,50 456 $,0 $,1,4620,2026-09-16,1853
WAJOIK13,ATS,Wotr,Enterpriser,Flavorfair,3 162 km,3 115 km,128 km/h,Real,113 997 $,9 000 $,0,5900,2026-09-16,3115
El puma (CT),ATS,Wotr,SellGoods,Equos Power Transport,2 122 km,2 167 km,109 km/h,Real,80 429 $,0 $,0,4425,2026-09-16,2167
johan chiquiza,ATS,Wotr,Bushnell Farms,Port of Tacoma,2 099 km,2 101 km,120 km/h,Real,64 354 $,0 $,0,4436,2026-09-16,2101
